[{
  "model": "dc_algorithm.satellite",
  "pk": 1,
  "fields": {
    "datacube_platform": "LANDSAT_7",
    "name": "Landsat 7",
    "product_prefix": "ls7_ledaps_",
    "date_min": "1999-04-15",
    "date_max": "2016-12-26",
    "data_min": 0.0,
    "data_max": 4096.0,
    "measurements": "blue,green,red,nir,swir1,swir2,pixel_qa",
    "no_data_value": -9999.0
  }
}, {
  "model": "dc_algorithm.satellite",
  "pk": 2,
  "fields": {
    "datacube_platform": "LANDSAT_8",
    "name": "Landsat 8",
    "product_prefix": "ls8_lasrc_",
    "date_min": "2013-02-11",
    "date_max": "2016-12-26",
    "data_min": 0.0,
    "data_max": 4096.0,
    "measurements": "blue,green,red,nir,swir1,swir2,pixel_qa",
    "no_data_value": -9999.0
  }
}, {
  "model": "dc_algorithm.satellite",
  "pk": 3,
  "fields": {
    "datacube_platform": "LANDSAT_5",
    "name": "Landsat 5",
    "product_prefix": "ls5_ledaps_",
    "date_min": "1984-03-01",
    "date_max": "1999-02-08",
    "data_min": 0.0,
    "data_max": 4096.0,
    "measurements": "blue,green,red,nir,swir1,swir2,pixel_qa",
    "no_data_value": -9999.0
  }
}, {
  "model": "dc_algorithm.satellite",
  "pk": 4,
  "fields": {
    "datacube_platform": "LANDSAT_5,LANDSAT_7,LANDSAT_8",
    "name": "Landsat 5/7/8",
    "product_prefix": "ls5_leaps_,ls7_ledaps_,ls8_lasrc_",
    "date_min": "1984-03-01",
    "date_max": "2016-12-26",
    "data_min": 0.0,
    "data_max": 4096.0,
    "measurements": "blue,green,red,nir,swir1,swir2,pixel_qa",
    "no_data_value": -9999.0
  }
}, {
  "model": "dc_algorithm.satellite",
  "pk": 5,
  "fields": {
    "datacube_platform": "SENTINEL_1A",
    "name": "Sentinel-1A",
    "product_prefix": "s1_gamma0_",
    "date_min": "2015-01-01",
    "date_max": "2017-03-16",
    "data_min": 0.0,
    "data_max": 100.0,
    "measurements": "vv,vh",
    "no_data_value": 0.0
  }
}, {
  "model": "dc_algorithm.satellite",
  "pk": 6,
  "fields": {
    "datacube_platform": "LANDSAT_7,LANDSAT_8",
    "name": "Landsat 7/8",
    "product_prefix": "ls7_ledaps_,ls8_lasrc_",
    "date_min": "1999-04-15",
    "date_max": "2016-12-26",
    "data_min": 0.0,
    "data_max": 4096.0,
    "measurements": "blue,green,red,nir,swir1,swir2,pixel_qa",
    "no_data_value": -9999.0
  }
}, {
  "model": "dc_algorithm.area",
  "pk": "amazon_river",
  "fields": {
    "name": "Amazon River",
    "latitude_min": -4.5,
    "latitude_max": -2.0,
    "longitude_min": -71.5,
    "longitude_max": -69.0,
    "thumbnail_imagery": "/static/assets/images/thumbnails/area_thumbnails/amazon_river_thumbnail_74W_66W_7S_1N.png",
    "satellites": [1]
  }
}, {
  "model": "dc_algorithm.area",
  "pk": "bangladesh",
  "fields": {
    "name": "Bangladesh",
    "latitude_min": 23.5,
    "latitude_max": 25.6,
    "longitude_min": 89.25,
    "longitude_max": 92.0,
    "thumbnail_imagery": "/static/assets/images/thumbnails/area_thumbnails/bangladesh_thumbnail_88E_93E_22N27N.png",
    "satellites": [1, 3]
  }
}, {
  "model": "dc_algorithm.area",
  "pk": "bangladesh_bari",
  "fields": {
    "name": "Bangladesh (BARI)",
    "latitude_min": 23.5,
    "latitude_max": 25.6,
    "longitude_min": 87.8,
    "longitude_max": 91.2,
    "thumbnail_imagery": "/static/assets/images/thumbnails/area_thumbnails/bangladesh_thumbnail_88E_93E_22N27N.png",
    "satellites": [1]
  }
}, {
  "model": "dc_algorithm.area",
  "pk": "caqueta",
  "fields": {
    "name": "Caqueta",
    "latitude_min": 0.0,
    "latitude_max": 1.0,
    "longitude_min": -75.0,
    "longitude_max": -73.8,
    "thumbnail_imagery": "/static/assets/images/thumbnails/area_thumbnails/caqueta_-75_-.1_-73.8_1.1.png",
    "satellites": [1, 2, 6]
  }
}, {
  "model": "dc_algorithm.area",
  "pk": "colombia",
  "fields": {
    "name": "Colombia Micro Cube",
    "latitude_min": -1.0,
    "latitude_max": 2.5,
    "longitude_min": -77.2,
    "longitude_max": -73.7,
    "thumbnail_imagery": "/static/assets/images/thumbnails/area_thumbnails/colombia_thumbnail_78W_71W_2S_4N.png",
    "satellites": [1]
  }
}, {
  "model": "dc_algorithm.area",
  "pk": "ghana",
  "fields": {
    "name": "Ghana",
    "latitude_min": 7.7,
    "latitude_max": 9.7,
    "longitude_min": -3.6,
    "longitude_max": -1.4,
    "thumbnail_imagery": "/static/assets/images/thumbnails/area_thumbnails/ghana_thumbnail_-5_6_0_11.png",
    "satellites": [1]
  }
}, {
  "model": "dc_algorithm.area",
  "pk": "kenya",
  "fields": {
    "name": "Kenya Micro Cube",
    "latitude_min": -1.0,
    "latitude_max": 1.0,
    "longitude_min": 34.0,
    "longitude_max": 37.0,
    "thumbnail_imagery": "/static/assets/images/thumbnails/area_thumbnails/kenya_micro_cube_32E_39E_3_5S_3_5N.png",
    "satellites": [1]
  }
}, {
  "model": "dc_algorithm.area",
  "pk": "lake_baringo",
  "fields": {
    "name": "Lake Baringo",
    "latitude_min": 0.5,
    "latitude_max": 0.75,
    "longitude_min": 36.0,
    "longitude_max": 36.25,
    "thumbnail_imagery": "/static/assets/images/thumbnails/area_thumbnails/lake_baringo_thumbnail_34E_37E_1S_1N.png",
    "satellites": [1]
  }
}, {
  "model": "dc_algorithm.area",
  "pk": "lake_chad_full",
  "fields": {
    "name": "Full Lake Chad",
    "latitude_min": 12.125,
    "latitude_max": 13.975,
    "longitude_min": 13.65,
    "longitude_max": 15.5,
    "thumbnail_imagery": "/static/assets/images/thumbnails/area_thumbnails/lake_chad_full_thumbnail_0_1E_35N_37N.png",
    "satellites": [1, 3, 4, 2]
  }
}, {
  "model": "dc_algorithm.area",
  "pk": "lake_cortijo",
  "fields": {
    "name": "Lake Cortijo",
    "latitude_min": 3.3,
    "latitude_max": 5.3,
    "longitude_min": -75.75,
    "longitude_max": -73.3,
    "thumbnail_imagery": "/static/assets/images/thumbnails/area_thumbnails/cortijo_thumbnail_-77W_-72W_1.5N_6.5N.png",
    "satellites": [1]
  }
}, {
  "model": "dc_algorithm.area",
  "pk": "meta_river",
  "fields": {
    "name": "Meta River",
    "latitude_min": 4.0,
    "latitude_max": 5.0,
    "longitude_min": -72.0,
    "longitude_max": -71.0,
    "thumbnail_imagery": "/static/assets/images/thumbnails/area_thumbnails/meta_river_thumbnail_75W_67W_0_5N_8_5N.png",
    "satellites": [1, 6, 2]
  }
}, {
  "model": "dc_algorithm.area",
  "pk": "salgar_colombia",
  "fields": {
    "name": "Salgar, Colombia",
    "latitude_min": 5.9,
    "latitude_max": 6.0,
    "longitude_min": -75.925,
    "longitude_max": -75.825,
    "thumbnail_imagery": "/static/assets/images/thumbnails/area_thumbnails/colombia_thumbnail_78W_71W_2S_4N.png",
    "satellites": [1]
  }
}, {
  "model": "dc_algorithm.area",
  "pk": "togo",
  "fields": {
    "name": "Togo",
    "latitude_min": 4.25,
    "latitude_max": 7.25,
    "longitude_min": 0.0,
    "longitude_max": 3.0,
    "thumbnail_imagery": "/static/assets/images/thumbnails/area_thumbnails/togo_thumbnail_1W_4E_3N_8N.png",
    "satellites": [1]
  }
}, {
  "model": "dc_algorithm.area",
  "pk": "tonga",
  "fields": {
    "name": "Tonga",
    "latitude_min": -23.0,
    "latitude_max": -20.0,
    "longitude_min": -177.375,
    "longitude_max": -174.375,
    "thumbnail_imagery": "/static/assets/images/thumbnails/area_thumbnails/tonga_thumbnail_177W_174W_23S_20S.png",
    "satellites": [1]
  }
}, {
  "model": "dc_algorithm.area",
  "pk": "uruguay",
  "fields": {
    "name": "Uruguay",
    "latitude_min": -35.7,
    "latitude_max": -33.5,
    "longitude_min": -57.0,
    "longitude_max": -54.0,
    "thumbnail_imagery": "/static/assets/images/thumbnails/area_thumbnails/uruguay_thumbnail_-57E_-54E_-36.25S_-33.25S.png",
    "satellites": [2]
  }
}, {
  "model": "dc_algorithm.area",
  "pk": "vietnam",
  "fields": {
    "name": "Vietnam",
    "latitude_min": 10.6,
    "latitude_max": 12.62,
    "longitude_min": 106.75,
    "longitude_max": 109.0,
    "thumbnail_imagery": "/static/assets/images/thumbnails/area_thumbnails/vietnam_thumbnail_105E_110E_9N_14N.png",
    "satellites": [1, 6, 2]
  }
}, {
  "model": "dc_algorithm.application",
  "pk": "cloud_coverage",
  "fields": {
    "name": "Cloud Coverage",
    "color_scale": "/static/assets/images/color_scales/cloud_coverage.png",
    "application_group": 1,
    "areas": ["amazon_river", "bangladesh", "colombia", "ghana", "kenya", "lake_baringo", "lake_chad_full", "lake_cortijo", "meta_river", "salgar_colombia", "togo", "tonga", "vietnam", "uruguay", "bangladesh_bari", "caqueta"],
    "satellites": [1, 3, 2]
  }
}, {
  "model": "dc_algorithm.application",
  "pk": "coastal_change",
  "fields": {
    "name": "Coastal Change",
    "color_scale": "/static/assets/images/color_scales/coastal_change_color_scale.png",
    "application_group": 3,
    "areas": ["tonga", "togo", "vietnam"],
    "satellites": [1, 3, 2]
  }
}, {
  "model": "dc_algorithm.application",
  "pk": "custom_mosaic_tool",
  "fields": {
    "name": "Custom Mosaic",
    "color_scale": null,
    "application_group": 1,
    "areas": ["amazon_river", "bangladesh", "colombia", "ghana", "kenya", "lake_baringo", "lake_chad_full", "lake_cortijo", "meta_river", "salgar_colombia", "togo", "tonga", "vietnam", "uruguay", "bangladesh_bari", "caqueta"],
    "satellites": [1, 3, 4, 6, 2]
  }
}, {
  "model": "dc_algorithm.application",
  "pk": "fractional_cover",
  "fields": {
    "name": "Fractional Cover",
    "color_scale": "/static/assets/images/color_scales/fractional_cover_color_scale.png",
    "application_group": 2,
    "areas": ["amazon_river", "bangladesh", "colombia", "ghana", "kenya", "lake_baringo", "lake_chad_full", "lake_cortijo", "meta_river", "salgar_colombia", "togo", "tonga", "vietnam", "uruguay", "bangladesh_bari", "caqueta"],
    "satellites": [1, 3, 4, 6, 2]
  }
}, {
  "model": "dc_algorithm.application",
  "pk": "ndvi_anomaly",
  "fields": {
    "name": "NDVI Anomaly",
    "color_scale": "/static/assets/images/color_scales/ndvi_color_scale.png",
    "application_group": 2,
    "areas": ["amazon_river", "bangladesh", "colombia", "ghana", "kenya", "lake_baringo", "lake_chad_full", "lake_cortijo", "meta_river", "salgar_colombia", "togo", "tonga", "vietnam", "uruguay", "bangladesh_bari", "caqueta"],
    "satellites": [1, 3, 2]
  }
}, {
  "model": "dc_algorithm.application",
  "pk": "slip",
  "fields": {
    "name": "Slip",
    "color_scale": null,
    "application_group": 2,
    "areas": ["salgar_colombia"],
    "satellites": [1]
  }
}, {
  "model": "dc_algorithm.application",
  "pk": "spectral_indices",
  "fields": {
    "name": "Spectral Indices",
    "color_scale": null,
    "application_group": 2,
    "areas": ["amazon_river", "bangladesh", "colombia", "ghana", "kenya", "lake_baringo", "lake_chad_full", "lake_cortijo", "meta_river", "salgar_colombia", "togo", "tonga", "vietnam"],
    "satellites": [1, 3, 2]
  }
}, {
  "model": "dc_algorithm.application",
  "pk": "tsm",
  "fields": {
    "name": "Water Quality TSM",
    "color_scale": "/static/assets/images/color_scales/tsm_color_scale.png",
    "application_group": 3,
    "areas": ["lake_baringo", "meta_river", "lake_chad_full", "vietnam", "uruguay"],
    "satellites": [1, 3, 4, 6, 2]
  }
}, {
  "model": "dc_algorithm.application",
  "pk": "urbanization",
  "fields": {
    "name": "Urbanization",
    "color_scale": "/static/assets/images/color_scales/urbanization.png",
    "application_group": 2,
    "areas": ["amazon_river", "bangladesh", "colombia", "ghana", "kenya", "lake_baringo", "lake_chad_full", "lake_cortijo", "meta_river", "salgar_colombia", "togo", "tonga", "vietnam"],
    "satellites": [1, 3, 2]
  }
}, {
  "model": "dc_algorithm.application",
  "pk": "water_detection",
  "fields": {
    "name": "Water Detection",
    "color_scale": "/static/assets/images/color_scales/water_detection_color_scale.png",
    "application_group": 3,
    "areas": ["lake_baringo", "meta_river", "lake_chad_full", "vietnam", "uruguay"],
    "satellites": [1, 3, 4, 6, 2]
  }
}, {
  "model": "dc_algorithm.applicationgroup",
  "pk": 1,
  "fields": {
    "name": "General"
  }
}, {
  "model": "dc_algorithm.applicationgroup",
  "pk": 2,
  "fields": {
    "name": "Land"
  }
}, {
  "model": "dc_algorithm.applicationgroup",
  "pk": 3,
  "fields": {
    "name": "Water"
  }
}, {
  "model": "dc_algorithm.compositor",
  "pk": "least_recent",
  "fields": {
    "name": "Least Recent Pixel"
  }
}, {
  "model": "dc_algorithm.compositor",
  "pk": "max_ndvi",
  "fields": {
    "name": "Max NDVI Pixel"
  }
}, {
  "model": "dc_algorithm.compositor",
  "pk": "median_pixel",
  "fields": {
    "name": "Median Pixel"
  }
}, {
  "model": "dc_algorithm.compositor",
  "pk": "min_ndvi",
  "fields": {
    "name": "Min NDVI Pixel"
  }
}, {
  "model": "dc_algorithm.compositor",
  "pk": "most_recent",
  "fields": {
    "name": "Most Recent Pixel"
  }
}, {
  "model": "custom_mosaic_tool.toolinfo",
  "pk": 1,
  "fields": {
    "image_path": "/static/assets/images/thumbnails/custom_mosaic_tool_1.png",
    "image_title": "True Color Mosaics",
    "image_description": "The Custom Mosaic Tool allows users to create detailed true or false color images of given areas using optical data from various Landsat satellites."
  }
}, {
  "model": "custom_mosaic_tool.toolinfo",
  "pk": 2,
  "fields": {
    "image_path": "/static/assets/images/thumbnails/custom_mosaic_tool_2.png",
    "image_title": "Pixel Preference",
    "image_description": "Choose how the 'best' pixel will be chosen: Most recent, least recent, median, or min/max NDVI value pixel."
  }
}, {
  "model": "custom_mosaic_tool.toolinfo",
  "pk": 3,
  "fields": {
    "image_path": "/static/assets/images/thumbnails/custom_mosaic_tool_3.png",
    "image_title": "Time Series",
    "image_description": "Run powerful time series analyses that composites a series of acquisitions to produce a single image."
  }
}, {
  "model": "custom_mosaic_tool.resulttype",
  "pk": 1,
  "fields": {
    "result_id": "true_color",
    "name": "True color",
    "red": "red",
    "green": "green",
    "blue": "blue",
    "fill": "red"
  }
}, {
  "model": "custom_mosaic_tool.resulttype",
  "pk": 2,
  "fields": {
    "result_id": "nir_swir_swir",
    "name": "NIR, SWIR1, SWIR2",
    "red": "nir",
    "green": "swir1",
    "blue": "swir2",
    "fill": "red"
  }
}, {
  "model": "custom_mosaic_tool.resulttype",
  "pk": 3,
  "fields": {
    "result_id": "nir_swir_red",
    "name": "NIR, SWIR1, RED",
    "red": "nir",
    "green": "swir1",
    "blue": "red",
    "fill": "red"
  }
}, {
  "model": "custom_mosaic_tool.resulttype",
  "pk": 4,
  "fields": {
    "result_id": "swir_nir_red",
    "name": "SWIR1, NIR, RED",
    "red": "swir1",
    "green": "nir",
    "blue": "red",
    "fill": "blue"
  }
}, {
  "model": "custom_mosaic_tool.resulttype",
  "pk": 5,
  "fields": {
    "result_id": "swir_nir_green",
    "name": "SWIR2, NIR, GREEN",
    "red": "swir2",
    "green": "nir",
    "blue": "green",
    "fill": "red"
  }
}, {
  "model": "custom_mosaic_tool.resulttype",
  "pk": 6,
  "fields": {
    "result_id": "swir_nir_blue",
    "name": "SWIR1, NIR, BLUE",
    "red": "swir1",
    "green": "nir",
    "blue": "blue",
    "fill": "blue"
  }
}, {
  "model": "custom_mosaic_tool.resulttype",
  "pk": 7,
  "fields": {
    "result_id": "nir_red_green",
    "name": "NIR, RED, GREEN",
    "red": "nir",
    "green": "red",
    "blue": "green",
    "fill": "blue"
  }
}, {
  "model": "custom_mosaic_tool.animationtype",
  "pk": 0,
  "fields": {
    "animation_id": "none",
    "name": "None",
    "data_variable": "None"
  }
}, {
  "model": "custom_mosaic_tool.animationtype",
  "pk": 1,
  "fields": {
    "animation_id": "cumulative",
    "name": "Cumulative",
    "data_variable": "None"
  }
}, {
  "model": "custom_mosaic_tool.animationtype",
  "pk": 2,
  "fields": {
    "animation_id": "scene",
    "name": "Scene",
    "data_variable": "None"
  }
}, {
  "model": "coastal_change.toolinfo",
  "pk": 18,
  "fields": {
    "image_path": "/static/assets/images/thumbnails/coastal_change_1.png",
    "image_title": "Coastline Identification",
    "image_description": "Identify the coastline of a yearly mosaic and compare it to a baseline year."
  }
}, {
  "model": "coastal_change.toolinfo",
  "pk": 19,
  "fields": {
    "image_path": "/static/assets/images/thumbnails/coastal_change_2.png",
    "image_title": "Coastal Change",
    "image_description": "Compute the area covered by receding coastline over a user defined period."
  }
}, {
  "model": "coastal_change.animationtype",
  "pk": 0,
  "fields": {
    "animation_id": "none",
    "name": "None",
    "data_variable": "None"
  }
}, {
  "model": "coastal_change.animationtype",
  "pk": 1,
  "fields": {
    "animation_id": "coastline_change",
    "name": "Coastline Change",
    "data_variable": "None"
  }
}, {
  "model": "coastal_change.animationtype",
  "pk": 2,
  "fields": {
    "animation_id": "coastal_change",
    "name": "Coastal Change",
    "data_variable": "None"
  }
}, {
  "model": "fractional_cover.toolinfo",
  "pk": 4,
  "fields": {
    "image_path": "/static/assets/images/thumbnails/fractional_cover_1.png",
    "image_title": "Fractional Coverage",
    "image_description": "The Fractional Coverage tool allows users to create a three band output product used to visualize the sub pixel composition of selected areas. Pixels are classified as a percentage of photosynthetic vegetation, non-photosynthetic vegetation, and bare soil."
  }
}, {
  "model": "fractional_cover.toolinfo",
  "pk": 5,
  "fields": {
    "image_path": "/static/assets/images/thumbnails/fractional_cover_2.png",
    "image_title": "Pixel Preference",
    "image_description": "Pick a compositing algorithm (most recent, least recent, median, min/max NDVI pixel) that will produce the desired mosaic for the fractional cover application."
  }
}, {
  "model": "fractional_cover.toolinfo",
  "pk": 6,
  "fields": {
    "image_path": "/static/assets/images/thumbnails/fractional_cover_3.png",
    "image_title": "Downloads",
    "image_description": "All products (both data and images) are available for download in various formats, including GeoTIFF, NetCDF, and PNG."
  }
}, {
  "model": "ndvi_anomaly.toolinfo",
  "pk": 9,
  "fields": {
    "image_path": "/static/assets/images/thumbnails/ndvi_anomaly_1.png",
    "image_title": "NDVI Anomaly",
    "image_description": "The NDVI Anomaly tool allows users to calculate and visualize the NDVI change between a single scene and a user defined baseline composite of scenes preceding it."
  }
}, {
  "model": "ndvi_anomaly.toolinfo",
  "pk": 10,
  "fields": {
    "image_path": "/static/assets/images/thumbnails/ndvi_anomaly_2.png",
    "image_title": "Baselines for Seasons",
    "image_description": "Define a custom baseline of specific months to create seasonal baselines unique to your region."
  }
}, {
  "model": "ndvi_anomaly.toolinfo",
  "pk": 11,
  "fields": {
    "image_path": "/static/assets/images/thumbnails/ndvi_anomaly_3.png",
    "image_title": "Specific Scene Selection",
    "image_description": "Pick a specific acquisition date for analysis and calculate the difference and percentage change from a composite of all acquisitions prior to that date."
  }
}, {
  "model": "slip.toolinfo",
  "pk": 7,
  "fields": {
    "image_path": "/static/assets/images/thumbnails/slip_1.png",
    "image_title": "Landslide Detection",
    "image_description": "The SLIP tools uses algorithms to combine optical and elevation data to determine possible locations for recent landslides"
  }
}, {
  "model": "slip.toolinfo",
  "pk": 8,
  "fields": {
    "image_path": "/static/assets/images/thumbnails/slip_2.png",
    "image_title": "Threshold Control",
    "image_description": "Set the baseline thresholds to expand or narrow results of possible landslide data."
  }
}, {
  "model": "slip.baselinemethod",
  "pk": "average",
  "fields": {
    "name": "Average"
  }
}, {
  "model": "slip.baselinemethod",
  "pk": "composite",
  "fields": {
    "name": "Composite"
  }
}, {
  "model": "tsm.toolinfo",
  "pk": 15,
  "fields": {
    "image_path": "/static/assets/images/thumbnails/tsm_1.png",
    "image_title": "Total Suspended Matter",
    "image_description": "The TSM tool allows users to run an algorithm to determine the average amount of suspended matter in a given area."
  }
}, {
  "model": "tsm.toolinfo",
  "pk": 16,
  "fields": {
    "image_path": "/static/assets/images/thumbnails/tsm_2.png",
    "image_title": "Time Series Analysis",
    "image_description": "Run analyses over a given time period and geographic area to produce a single cumulative product from multiple time slices."
  }
}, {
  "model": "tsm.toolinfo",
  "pk": 17,
  "fields": {
    "image_path": "/static/assets/images/thumbnails/tsm_3.png",
    "image_title": "Animated Images",
    "image_description": "Create animated GIFs of TSM values over time to show trends of increasing or decreasing suspended matter."
  }
}, {
  "model": "tsm.resulttype",
  "pk": 5,
  "fields": {
    "result_id": "normalized_data",
    "name": "Average TSM",
    "data_variable": "normalized_data"
  }
}, {
  "model": "tsm.resulttype",
  "pk": 6,
  "fields": {
    "result_id": "min",
    "name": "Minimum TSM",
    "data_variable": "min"
  }
}, {
  "model": "tsm.resulttype",
  "pk": 7,
  "fields": {
    "result_id": "max",
    "name": "Maximum TSM",
    "data_variable": "max"
  }
}, {
  "model": "tsm.resulttype",
  "pk": 8,
  "fields": {
    "result_id": "variability",
    "name": "TSM Variability",
    "data_variable": "variability"
  }
}, {
  "model": "tsm.animationtype",
  "pk": 0,
  "fields": {
    "animation_id": "none",
    "name": "None",
    "data_variable": "None"
  }
}, {
  "model": "tsm.animationtype",
  "pk": 1,
  "fields": {
    "animation_id": "scene",
    "name": "Scene",
    "data_variable": "tsm"
  }
}, {
  "model": "tsm.animationtype",
  "pk": 2,
  "fields": {
    "animation_id": "cumulative_average",
    "name": "Cumulative Average",
    "data_variable": "normalized_data"
  }
}, {
  "model": "water_detection.toolinfo",
  "pk": 12,
  "fields": {
    "image_path": "/static/assets/images/thumbnails/water_detection_1.png",
    "image_title": "Water Detection",
    "image_description": "The Water Detection tool allows users to determine a per pixel analysis of water vs not-water for a given scene over many acquisitions."
  }
}, {
  "model": "water_detection.toolinfo",
  "pk": 13,
  "fields": {
    "image_path": "/static/assets/images/thumbnails/water_detection_2.png",
    "image_title": "Time Series Analysis",
    "image_description": "Run analyses over time producing outputs visualizing cumulative acquisitions, water observations, and water percentages."
  }
}, {
  "model": "water_detection.toolinfo",
  "pk": 14,
  "fields": {
    "image_path": "/static/assets/images/thumbnails/water_detection_3.png",
    "image_title": "Animated Images",
    "image_description": "Create animated GIFs of water levels over time to show trends of increasing or decreasing water levels."
  }
}, {
  "model": "water_detection.resulttype",
  "pk": 1,
  "fields": {
    "result_id": "black_background",
    "name": "Black",
    "fill": "black"
  }
}, {
  "model": "water_detection.resulttype",
  "pk": 2,
  "fields": {
    "result_id": "white_background",
    "name": "White",
    "fill": "white"
  }
}, {
  "model": "water_detection.resulttype",
  "pk": 3,
  "fields": {
    "result_id": "transparent_background",
    "name": "Transparent",
    "fill": "transparent"
  }
}, {
  "model": "water_detection.animationtype",
  "pk": 0,
  "fields": {
    "animation_id": "none",
    "name": "None",
    "data_variable": "None"
  }
}, {
  "model": "water_detection.animationtype",
  "pk": 1,
  "fields": {
    "animation_id": "scene",
    "name": "Scene",
    "data_variable": "wofs"
  }
}, {
  "model": "water_detection.animationtype",
  "pk": 2,
  "fields": {
    "animation_id": "cumulative_percentage",
    "name": "Cumulative Percentages",
    "data_variable": "normalized_data"
  }
}, {
  "model": "water_detection.animationtype",
  "pk": 3,
  "fields": {
    "animation_id": "cumulative_observations",
    "name": "Cumulative Observations",
    "data_variable": "total_data"
  }
}, {
  "model": "cloud_coverage.toolinfo",
  "pk": 1,
  "fields": {
    "image_path": "/static/assets/images/thumbnails/custom_mosaic_tool_1.png",
    "image_title": "Run Band Math Analyses on Mosaics",
    "image_description": "Run arbitrary band math calculations on mosaics that are generated automatically."
  }
}, {
  "model": "cloud_coverage.toolinfo",
  "pk": 2,
  "fields": {
    "image_path": "/static/assets/images/thumbnails/custom_mosaic_tool_2.png",
    "image_title": "Pixel Preference",
    "image_description": "Choose how the 'best' pixel will be chosen: Most recent, least recent, median, or min/max cloud_coverage value pixel."
  }
}, {
  "model": "cloud_coverage.toolinfo",
  "pk": 3,
  "fields": {
    "image_path": "/static/assets/images/thumbnails/custom_mosaic_tool_3.png",
    "image_title": "Time Series",
    "image_description": "Run powerful time series analyses that composites a series of acquisitions to produce a single image then calculates some band math equation."
  }
}, {
  "model": "urbanization.toolinfo",
  "pk": 1,
  "fields": {
    "image_path": "/static/assets/images/thumbnails/urbanization_2.png",
    "image_title": "Create Filtered Mosaics for Analysis Cases",
    "image_description": "Create a filtered mosaic before analysis to increase accuracy and reduce execution time."
  }
}, {
  "model": "urbanization.toolinfo",
  "pk": 2,
  "fields": {
    "image_path": "/static/assets/images/thumbnails/urbanization_1.png",
    "image_title": "Pixel Preference",
    "image_description": "Choose how the 'best' pixel will be chosen: Most recent, least recent, median, or min/max urbanization value pixel."
  }
}, {
  "model": "urbanization.toolinfo",
  "pk": 3,
  "fields": {
    "image_path": "/static/assets/images/thumbnails/urbanization_3.png",
    "image_title": "Compute Indices to Visualize Area Content",
    "image_description": "Visualize area contents with the use of well known remote sensing indices."
  }
}, {
  "model": "spectral_indices.toolinfo",
  "pk": 1,
  "fields": {
    "image_path": "/static/assets/images/thumbnails/custom_mosaic_tool_1.png",
    "image_title": "Run Band Math Analyses on Mosaics",
    "image_description": "Calculate any common spectral index on time series data"
  }
}, {
  "model": "spectral_indices.toolinfo",
  "pk": 2,
  "fields": {
    "image_path": "/static/assets/images/thumbnails/custom_mosaic_tool_2.png",
    "image_title": "Pixel Preference",
    "image_description": "Choose how the 'best' pixel will be chosen: Most recent, least recent, median, or min/max NDVI value pixel."
  }
}, {
  "model": "spectral_indices.toolinfo",
  "pk": 3,
  "fields": {
    "image_path": "/static/assets/images/thumbnails/custom_mosaic_tool_3.png",
    "image_title": "Time Series",
    "image_description": "Run powerful time series analyses that composites a series of acquisitions to produce a single image then calculates the selected spectral index."
  }
}, {
  "model": "spectral_indices.resulttype",
  "pk": 1,
  "fields": {
    "result_id": "ndvi",
    "name": "NDVI"
  }
}, {
  "model": "spectral_indices.resulttype",
  "pk": 2,
  "fields": {
    "result_id": "ndwi",
    "name": "NDWI"
  }
}, {
  "model": "spectral_indices.resulttype",
  "pk": 3,
  "fields": {
    "result_id": "ndbi",
    "name": "NDBI"
  }
}, {
  "model": "spectral_indices.resulttype",
  "pk": 4,
  "fields": {
    "result_id": "evi",
    "name": "EVI"
  }
}, {
  "model": "spectral_indices.resulttype",
  "pk": 5,
  "fields": {
    "result_id": "savi",
    "name": "SAVI"
  }
}, {
  "model": "spectral_indices.resulttype",
  "pk": 6,
  "fields": {
    "result_id": "nbr",
    "name": "NBR"
  }
}, {
  "model": "spectral_indices.resulttype",
  "pk": 7,
  "fields": {
    "result_id": "nbr2",
    "name": "NBR2"
  }
}]
