[{
    "model": "data_cube_ui.satellite",
    "pk": 1,
    "fields": {
        "satellite_id": "LANDSAT_7",
        "satellite_name": "Landsat 7",
        "product_prefix": "ls7_ledaps_",
        "date_min": "1999-04-15",
        "date_max": "2016-12-26"
    }
}, {
    "model": "data_cube_ui.satellite",
    "pk": 2,
    "fields": {
        "satellite_id": "LANDSAT_8",
        "satellite_name": "Landsat 8",
        "product_prefix": "ls8_ledaps_",
        "date_min": "2013-02-11",
        "date_max": "2016-12-26"
    }
}, {
    "model": "data_cube_ui.satellite",
    "pk": 3,
    "fields": {
        "satellite_id": "LANDSAT_5",
        "satellite_name": "Landsat 5",
        "product_prefix": "ls5_ledaps_",
        "date_min": "1984-03-01",
        "date_max": "1999-02-08"
    }
}, {
    "model": "data_cube_ui.satellite",
    "pk": 4,
    "fields": {
        "satellite_id": "LANDSAT_ALL",
        "satellite_name": "Landsat 5/7/8",
        "product_prefix": "all",
        "date_min": "1984-03-01",
        "date_max": "2016-12-26"
    }
}, {
    "model": "data_cube_ui.satellite",
    "pk": 5,
    "fields": {
        "satellite_id": "SENTINEL_1A",
        "satellite_name": "Sentinel-1A",
        "product_prefix": "s1a_gamma0_",
        "date_min": "2015-01-01",
        "date_max": "2017-03-16"
    }
}, {
    "model": "data_cube_ui.area",
    "pk": 1,
    "fields": {
        "area_id": "lake_baringo",
        "area_name": "Lake Baringo",
        "latitude_min": 0.5,
        "latitude_max": 0.75,
        "longitude_min": 36.0,
        "longitude_max": 36.25,
        "main_imagery": "/static/assets/images/black.png",
        "detail_imagery": "/static/assets/images/35.5,0,37,1.5.png",
        "thumbnail_imagery": "/static/assets/images/thumbnails/area_thumbnails/lake_baringo_thumbnail_34E_37E_1S_1N.png",
        "detail_latitude_min": 0.0,
        "detail_latitude_max": 1.5,
        "detail_longitude_min": 35.5,
        "detail_longitude_max": 37.0,
        "satellites": [1]
    }
}, {
    "model": "data_cube_ui.area",
    "pk": 2,
    "fields": {
        "area_id": "lake_chad",
        "area_name": "Lake Chad",
        "latitude_min": 12.75,
        "latitude_max": 13.0,
        "longitude_min": 14.25,
        "longitude_max": 14.5,
        "main_imagery": "/static/assets/images/black.png",
        "detail_imagery": "/static/assets/images/13.75,12.25,15,13.5.png",
        "thumbnail_imagery": "/static/assets/images/thumbnails/area_thumbnails/lake_chad_thumbail_14E_15E_12N_13N.png",
        "detail_latitude_min": 12.25,
        "detail_latitude_max": 13.5,
        "detail_longitude_min": 13.75,
        "detail_longitude_max": 15.0,
        "satellites": [1]
    }
}, {
    "model": "data_cube_ui.area",
    "pk": 3,
    "fields": {
        "area_id": "kenya",
        "area_name": "Kenya Micro Cube",
        "latitude_min": -1.0,
        "latitude_max": 1.0,
        "longitude_min": 34.0,
        "longitude_max": 37.0,
        "main_imagery": "/static/assets/images/black.png",
        "detail_imagery": "/static/assets/images/34,-1.5,37,1.5.png",
        "thumbnail_imagery": "/static/assets/images/thumbnails/area_thumbnails/kenya_micro_cube_32E_39E_3_5S_3_5N.png",
        "detail_latitude_min": -1.5,
        "detail_latitude_max": 1.5,
        "detail_longitude_min": 34.0,
        "detail_longitude_max": 37.0,
        "satellites": [1]
    }
}, {
    "model": "data_cube_ui.area",
    "pk": 4,
    "fields": {
        "area_id": "colombia",
        "area_name": "Colombia Micro Cube",
        "latitude_min": -1.0,
        "latitude_max": 2.5,
        "longitude_min": -77.2,
        "longitude_max": -73.7,
        "main_imagery": "/static/assets/images/black.png",
        "detail_imagery": "/static/assets/images/colombia_main.png",
        "thumbnail_imagery": "/static/assets/images/thumbnails/area_thumbnails/colombia_thumbnail_78W_71W_2S_4N.png",
        "detail_latitude_min": -1.0,
        "detail_latitude_max": 2.5,
        "detail_longitude_min": -77.2,
        "detail_longitude_max": -73.7,
        "satellites": [1]
    }
}, {
    "model": "data_cube_ui.area",
    "pk": 5,
    "fields": {
        "area_id": "meta_river",
        "area_name": "Meta River",
        "latitude_min": 4.0,
        "latitude_max": 5.0,
        "longitude_min": -72.0,
        "longitude_max": -71.0,
        "main_imagery": "/static/assets/images/black.png",
        "detail_imagery": "/static/assets/images/-72,4-71,5.png",
        "thumbnail_imagery": "/static/assets/images/thumbnails/area_thumbnails/meta_river_thumbnail_75W_67W_0_5N_8_5N.png",
        "detail_latitude_min": 4.0,
        "detail_latitude_max": 5.0,
        "detail_longitude_min": -72.0,
        "detail_longitude_max": -71.0,
        "satellites": [1, 2, 3, 4]
    }
}, {
    "model": "data_cube_ui.area",
    "pk": 6,
    "fields": {
        "area_id": "tonga",
        "area_name": "Tonga",
        "latitude_min": -23.0,
        "latitude_max": -20.0,
        "longitude_min": -177.375,
        "longitude_max": -174.375,
        "main_imagery": "/static/assets/images/black.png",
        "detail_imagery": "/static/assets/images/tonga_main.png",
        "thumbnail_imagery": "/static/assets/images/thumbnails/area_thumbnails/tonga_thumbnail_177W_174W_23S_20S.png",
        "detail_latitude_min": -23.0,
        "detail_latitude_max": -20.0,
        "detail_longitude_min": -177.375,
        "detail_longitude_max": -174.375,
        "satellites": [1]
    }
}, {
    "model": "data_cube_ui.area",
    "pk": 7,
    "fields": {
        "area_id": "togo",
        "area_name": "Togo",
        "latitude_min": 4.25,
        "latitude_max": 7.25,
        "longitude_min": 0.0,
        "longitude_max": 3.0,
        "main_imagery": "/static/assets/images/black.png",
        "detail_imagery": "/static/assets/images/togo_main.png",
        "thumbnail_imagery": "/static/assets/images/thumbnails/area_thumbnails/togo_thumbnail_1W_4E_3N_8N.png",
        "detail_latitude_min": 4.25,
        "detail_latitude_max": 7.25,
        "detail_longitude_min": 0.0,
        "detail_longitude_max": 3.0,
        "satellites": [1]
    }
}, {
    "model": "data_cube_ui.area",
    "pk": 8,
    "fields": {
        "area_id": "amazon_river",
        "area_name": "Amazon River",
        "latitude_min": -4.5,
        "latitude_max": -2.0,
        "longitude_min": -71.5,
        "longitude_max": -69.0,
        "main_imagery": "/static/assets/images/black.png",
        "detail_imagery": "/static/assets/images/amazon_river_main.png",
        "thumbnail_imagery": "/static/assets/images/thumbnails/area_thumbnails/amazon_river_thumbnail_74W_66W_7S_1N.png",
        "detail_latitude_min": -4.5,
        "detail_latitude_max": -2.0,
        "detail_longitude_min": -71.5,
        "detail_longitude_max": -69.0,
        "satellites": [1]
    }
}, {
    "model": "data_cube_ui.area",
    "pk": 9,
    "fields": {
        "area_id": "lake_chad_full",
        "area_name": "Full Lake Chad",
        "latitude_min": 12.125,
        "latitude_max": 13.975,
        "longitude_min": 13.65,
        "longitude_max": 15.5,
        "main_imagery": "/static/assets/images/black.png",
        "detail_imagery": "/static/assets/images/lake_chad_main.png",
        "thumbnail_imagery": "/static/assets/images/thumbnails/area_thumbnails/lake_chad_full_thumbnail_0_1E_35N_37N.png",
        "detail_latitude_min": 12.125,
        "detail_latitude_max": 13.975,
        "detail_longitude_min": 13.65,
        "detail_longitude_max": 15.5,
        "satellites": [1, 2, 3, 4]
    }
}, {
    "model": "data_cube_ui.area",
    "pk": 10,
    "fields": {
        "area_id": "salgar_colombia",
        "area_name": "Salgar, Colombia",
        "latitude_min": 5.9,
        "latitude_max": 6.0,
        "longitude_min": -75.925,
        "longitude_max": -75.825,
        "main_imagery": "/static/assets/images/black.png",
        "detail_imagery": "/static/assets/images/salgar_colombia_main.png",
        "thumbnail_imagery": "/static/assets/images/thumbnails/area_thumbnails/colombia_thumbnail_78W_71W_2S_4N.png",
        "detail_latitude_min": 5.9,
        "detail_latitude_max": 6.0,
        "detail_longitude_min": -75.925,
        "detail_longitude_max": -75.825,
        "satellites": [1]
    }
}, {
    "model": "data_cube_ui.area",
    "pk": 11,
    "fields": {
        "area_id": "vietnam",
        "area_name": "Vietnam",
        "latitude_min": 10.6,
        "latitude_max": 12.62,
        "longitude_min": 106.75,
        "longitude_max": 109.0,
        "main_imagery": "/static/assets/images/black.png",
        "detail_imagery": "/static/assets/images/vietnam_main_106.5_10.3_109_12.8.png",
        "thumbnail_imagery": "/static/assets/images/thumbnails/area_thumbnails/vietnam_thumbnail_105E_110E_9N_14N.png",
        "detail_latitude_min": 10.3,
        "detail_latitude_max": 12.8,
        "detail_longitude_min": 106.5,
        "detail_longitude_max": 109.0,
        "satellites": [1, 2]
    }
}, {
    "model": "data_cube_ui.area",
    "pk": 12,
    "fields": {
        "area_id": "menindee_lakes",
        "area_name": "Menindee Lakes",
        "latitude_min": -33.25,
        "latitude_max": -31.24,
        "longitude_min": 141.8,
        "longitude_max": 143.1,
        "main_imagery": "/static/assets/images/black.png",
        "detail_imagery": "/static/assets/images/meninee_lakes_main_141.25_-33.5_143.75_-31.png",
        "thumbnail_imagery": "/static/assets/images/thumbnails/area_thumbnails/meninee_lakes_thumbnail_140.25E_144.25E_33.5S_30S.png",
        "detail_latitude_min": -33.5,
        "detail_latitude_max": -31.0,
        "detail_longitude_min": 141.25,
        "detail_longitude_max": 143.75,
        "satellites": [1]
    }
}, {
    "model": "data_cube_ui.area",
    "pk": 13,
    "fields": {
        "area_id": "bangladesh",
        "area_name": "Bangladesh",
        "latitude_min": 23.5,
        "latitude_max": 25.6,
        "longitude_min": 89.25,
        "longitude_max": 92.0,
        "main_imagery": "/static/assets/images/black.png",
        "detail_imagery": "/static/assets/images/bangladesh_main_89_22.925_92.25_26.175.png",
        "thumbnail_imagery": "/static/assets/images/thumbnails/area_thumbnails/bangladesh_thumbnail_88E_93E_22N27N.png",
        "detail_latitude_min": 22.925,
        "detail_latitude_max": 26.175,
        "detail_longitude_min": 89.0,
        "detail_longitude_max": 92.25,
        "satellites": [1, 3]
    }
}, {
    "model": "data_cube_ui.area",
    "pk": 14,
    "fields": {
        "area_id": "lake_cortijo",
        "area_name": "Lake Cortijo",
        "latitude_min": 3.3,
        "latitude_max": 5.3,
        "longitude_min": -75.75,
        "longitude_max": -73.3,
        "main_imagery": "/static/assets/images/black.png",
        "detail_imagery": "/static/assets/images/cortijo_main_-76_2.75_-73_5.75.png",
        "thumbnail_imagery": "/static/assets/images/thumbnails/area_thumbnails/cortijo_thumbnail_-77W_-72W_1.5N_6.5N.png",
        "detail_latitude_min": 2.75,
        "detail_latitude_max": 5.75,
        "detail_longitude_min": -76.0,
        "detail_longitude_max": -73.0,
        "satellites": [1]
    }
}, {
    "model": "data_cube_ui.compositor",
    "pk": 1,
    "fields": {
        "compositor_id": "most_recent",
        "compositor_name": "Most Recent Pixel"
    }
}, {
    "model": "data_cube_ui.compositor",
    "pk": 2,
    "fields": {
        "compositor_id": "least_recent",
        "compositor_name": "Least Recent Pixel"
    }
}, {
    "model": "data_cube_ui.compositor",
    "pk": 3,
    "fields": {
        "compositor_id": "max_ndvi",
        "compositor_name": "Max NDVI Pixel"
    }
}, {
    "model": "data_cube_ui.compositor",
    "pk": 4,
    "fields": {
        "compositor_id": "min_ndvi",
        "compositor_name": "Min NDVI Pixel"
    }
}, {
    "model": "data_cube_ui.compositor",
    "pk": 5,
    "fields": {
        "compositor_id": "median_pixel",
        "compositor_name": "Median Pixel"
    }
}, {
    "model": "data_cube_ui.baseline",
    "pk": 1,
    "fields": {
        "baseline_id": "average",
        "baseline_name": "Average"
    }
}, {
    "model": "data_cube_ui.baseline",
    "pk": 2,
    "fields": {
        "baseline_id": "composite",
        "baseline_name": "Composite"
    }
}, {
    "model": "data_cube_ui.animationtype",
    "pk": 1,
    "fields": {
        "type_id": "None",
        "app_name": "all",
        "type_name": "None",
        "data_variable": "None",
        "band_number": "None"
    }
}, {
    "model": "data_cube_ui.animationtype",
    "pk": 2,
    "fields": {
        "type_id": "scene",
        "app_name": "all",
        "type_name": "Scene",
        "data_variable": "wofs_data",
        "band_number": "1"
    }
}, {
    "model": "data_cube_ui.animationtype",
    "pk": 3,
    "fields": {
        "type_id": "cumulative_acquisitions",
        "app_name": "water_detection",
        "type_name": "Cumulative Acquisitions",
        "data_variable": "water_analysis",
        "band_number": "3"
    }
}, {
    "model": "data_cube_ui.animationtype",
    "pk": 4,
    "fields": {
        "type_id": "cumulative_observations",
        "app_name": "water_detection",
        "type_name": "Cumulative Observations",
        "data_variable": "water_analysis",
        "band_number": "2"
    }
}, {
    "model": "data_cube_ui.animationtype",
    "pk": 5,
    "fields": {
        "type_id": "cumulative_percentages",
        "app_name": "water_detection",
        "type_name": "Cumulative Percentages",
        "data_variable": "water_analysis",
        "band_number": "1"
    }
}, {
    "model": "data_cube_ui.animationtype",
    "pk": 6,
    "fields": {
        "type_id": "cumulative",
        "app_name": "custom_mosaic_tool",
        "type_name": "Cumulative",
        "data_variable": "composite",
        "band_number": "composite"
    }
}, {
    "model": "data_cube_ui.animationtype",
    "pk": 7,
    "fields": {
        "type_id": "cumulative_average",
        "app_name": "tsm",
        "type_name": "Cumulative Average",
        "data_variable": "water_analysis",
        "band_number": "1"
    }
}, {
    "model": "data_cube_ui.animationtype",
    "pk": 8,
    "fields": {
        "type_id": "coastal_change",
        "app_name": "coastal_change",
        "type_name": "Coastal Change",
        "data_variable": "coastal_change",
        "band_number": "0"
    }
}, {
    "model": "data_cube_ui.animationtype",
    "pk": 9,
    "fields": {
        "type_id": "coastline_change",
        "app_name": "coastal_change",
        "type_name": "Coastline Change",
        "data_variable": "coastline_change",
        "band_number": "0"
    }
}, {
    "model": "data_cube_ui.application",
    "pk": 1,
    "fields": {
        "application_id": "custom_mosaic_tool",
        "application_name": "Custom Mosaic",
        "color_scale": "",
        "areas": [1, 2, 3, 4, 5, 6, 7, 8, 9, 10, 11, 12, 13, 14],
        "satellites": [1, 2, 3, 4]
    }
}, {
    "model": "data_cube_ui.application",
    "pk": 2,
    "fields": {
        "application_id": "water_detection",
        "application_name": "Water Detection",
        "color_scale": "/static/assets/images/color_scales/water_detection_color_scale.png",
        "areas": [1, 2, 5, 6, 7, 8, 9],
        "satellites": [1, 2, 3, 4]
    }
}, {
    "model": "data_cube_ui.application",
    "pk": 3,
    "fields": {
        "application_id": "tsm",
        "application_name": "Water Quality TSM",
        "color_scale": "/static/assets/images/color_scales/tsm_color_scale.png",
        "areas": [1, 2, 9],
        "satellites": [1, 2, 3, 4]
    }
}, {
    "model": "data_cube_ui.application",
    "pk": 4,
    "fields": {
        "application_id": "fractional_cover",
        "application_name": "Fractional Cover",
        "color_scale": "/static/assets/images/color_scales/fractional_cover_color_scale.png",
        "areas": [3, 4, 5, 6, 7, 8, 9],
        "satellites": [1, 2, 3]
    }
}, {
    "model": "data_cube_ui.application",
    "pk": 5,
    "fields": {
        "application_id": "slip",
        "application_name": "Landslide SLIP",
        "color_scale": "",
        "areas": [10],
        "satellites": [1]
    }
}, {
    "model": "data_cube_ui.application",
    "pk": 6,
    "fields": {
        "application_id": "ndvi_anomaly",
        "application_name": "NDVI Anomaly",
        "color_scale": "/static/assets/images/color_scales/ndvi_color_scale.png",
        "areas": [1, 2, 3, 4, 5, 9, 10],
        "satellites": [1, 2, 3]
    }
}, {
    "model": "data_cube_ui.application",
    "pk": 7,
    "fields": {
        "application_id": "coastal_change",
        "application_name": "Coastal Change",
        "color_scale": "/static/assets/images/color_scales/coastal_change_color_scale.png",
        "areas": [6, 7],
        "satellites": [1]
    }
}, {
    "model": "data_cube_ui.toolinfo",
    "pk": 1,
    "fields": {
        "image_path": "/static/assets/images/thumbnails/custom_mosaic_tool_1.png",
        "image_title": "True Color Mosaics",
        "image_description": "The Custom Mosaic Tool allows users to create detailed true or false color images of given areas using optical data from various Landsat satellites.",
        "application": 1
    }
}, {
    "model": "data_cube_ui.toolinfo",
    "pk": 2,
    "fields": {
        "image_path": "/static/assets/images/thumbnails/custom_mosaic_tool_2.png",
        "image_title": "Pixel Preference",
        "image_description": "Choose how the 'best' pixel will be chosen: Most recent, least recent, median, or min/max NDVI value pixel.",
        "application": 1
    }
}, {
    "model": "data_cube_ui.toolinfo",
    "pk": 3,
    "fields": {
        "image_path": "/static/assets/images/thumbnails/custom_mosaic_tool_3.png",
        "image_title": "Time Series",
        "image_description": "Run powerful time series analyses that composites a series of acquisitions to produce a single image.",
        "application": 1
    }
}, {
    "model": "data_cube_ui.toolinfo",
    "pk": 4,
    "fields": {
        "image_path": "/static/assets/images/thumbnails/fractional_cover_1.png",
        "image_title": "Fractional Coverage",
        "image_description": "The Fractional Coverage tool allows users to create a three band output product used to visualize the sub pixel composition of selected areas. Pixels are classified as a percentage of photosynthetic vegetation, non-photosynthetic vegetation, and bare soil.",
        "application": 4
    }
}, {
    "model": "data_cube_ui.toolinfo",
    "pk": 5,
    "fields": {
        "image_path": "/static/assets/images/thumbnails/fractional_cover_2.png",
        "image_title": "Pixel Preference",
        "image_description": "Pick a compositing algorithm (most recent, least recent, median, min/max NDVI pixel) that will produce the desired mosaic for the fractional cover application.",
        "application": 4
    }
}, {
    "model": "data_cube_ui.toolinfo",
    "pk": 6,
    "fields": {
        "image_path": "/static/assets/images/thumbnails/fractional_cover_3.png",
        "image_title": "Downloads",
        "image_description": "All products (both data and images) are available for download in various formats, including GeoTIFF, NetCDF, and PNG.",
        "application": 4
    }
}, {
    "model": "data_cube_ui.toolinfo",
    "pk": 7,
    "fields": {
        "image_path": "/static/assets/images/thumbnails/slip_1.png",
        "image_title": "Landslide Detection",
        "image_description": "The SLIP tools uses algorithms to combine optical and elevation data to determine possible locations for recent landslides",
        "application": 5
    }
}, {
    "model": "data_cube_ui.toolinfo",
    "pk": 8,
    "fields": {
        "image_path": "/static/assets/images/thumbnails/slip_2.png",
        "image_title": "Threshold Control",
        "image_description": "Set the baseline thresholds to expand or narrow results of possible landslide data.",
        "application": 5
    }
}, {
    "model": "data_cube_ui.toolinfo",
    "pk": 9,
    "fields": {
        "image_path": "/static/assets/images/thumbnails/ndvi_anomaly_1.png",
        "image_title": "NDVI Anomaly",
        "image_description": "The NDVI Anomaly tool allows users to calculate and visualize the NDVI change between a single scene and a user defined baseline composite of scenes preceding it.",
        "application": 6
    }
}, {
    "model": "data_cube_ui.toolinfo",
    "pk": 10,
    "fields": {
        "image_path": "/static/assets/images/thumbnails/ndvi_anomaly_2.png",
        "image_title": "Baselines for Seasons",
        "image_description": "Define a custom baseline of specific months to create seasonal baselines unique to your region.",
        "application": 6
    }
}, {
    "model": "data_cube_ui.toolinfo",
    "pk": 11,
    "fields": {
        "image_path": "/static/assets/images/thumbnails/ndvi_anomaly_3.png",
        "image_title": "Specific Scene Selection",
        "image_description": "Pick a specific acquisition date for analysis and calculate the difference and percentage change from a composite of all acquisitions prior to that date.",
        "application": 6
    }
}, {
    "model": "data_cube_ui.toolinfo",
    "pk": 12,
    "fields": {
        "image_path": "/static/assets/images/thumbnails/water_detection_1.png",
        "image_title": "Water Detection",
        "image_description": "The Water Detection tool allows users to determine a per pixel analysis of water vs not-water for a given scene over many acquisitions.",
        "application": 2
    }
}, {
    "model": "data_cube_ui.toolinfo",
    "pk": 13,
    "fields": {
        "image_path": "/static/assets/images/thumbnails/water_detection_2.png",
        "image_title": "Time Series Analysis",
        "image_description": "Run analyses over time producing outputs visualizing cumulative acquisitions, water observations, and water percentages.",
        "application": 2
    }
}, {
    "model": "data_cube_ui.toolinfo",
    "pk": 14,
    "fields": {
        "image_path": "/static/assets/images/thumbnails/water_detection_3.png",
        "image_title": "Animated Images",
        "image_description": "Create animated GIFs of water levels over time to show trends of increasing or decreasing water levels.",
        "application": 2
    }
}, {
    "model": "data_cube_ui.toolinfo",
    "pk": 15,
    "fields": {
        "image_path": "/static/assets/images/thumbnails/tsm_1.png",
        "image_title": "Total Suspended Matter",
        "image_description": "The TSM tool allows users to run an algorithm to determine the average amount of suspended matter in a given area.",
        "application": 3
    }
}, {
    "model": "data_cube_ui.toolinfo",
    "pk": 16,
    "fields": {
        "image_path": "/static/assets/images/thumbnails/tsm_2.png",
        "image_title": "Time Series Analysis",
        "image_description": "Run analyses over a given time period and geographic area to produce a single cumulative product from multiple time slices.",
        "application": 3
    }
}, {
    "model": "data_cube_ui.toolinfo",
    "pk": 17,
    "fields": {
        "image_path": "/static/assets/images/thumbnails/tsm_3.png",
        "image_title": "Animated Images",
        "image_description": "Create animated GIFs of TSM values over time to show trends of increasing or decreasing suspended matter.",
        "application": 3
    }
}, {
    "model": "dc_algorithm.satellite",
    "pk": 1,
    "fields": {
        "datacube_platform": "LANDSAT_7",
        "name": "Landsat 7",
        "product_prefix": "ls7_ledaps_",
        "date_min": "1999-04-15",
        "date_max": "2016-12-26"
    }
}, {
    "model": "dc_algorithm.satellite",
    "pk": 2,
    "fields": {
        "datacube_platform": "LANDSAT_8",
        "name": "Landsat 8",
        "product_prefix": "ls8_ledaps_",
        "date_min": "2013-02-11",
        "date_max": "2016-12-26"
    }
}, {
    "model": "dc_algorithm.satellite",
    "pk": 3,
    "fields": {
        "datacube_platform": "LANDSAT_5",
        "name": "Landsat 5",
        "product_prefix": "ls5_ledaps_",
        "date_min": "1984-03-01",
        "date_max": "1999-02-08"
    }
}, {
    "model": "dc_algorithm.satellite",
    "pk": 4,
    "fields": {
        "datacube_platform": "LANDSAT_ALL",
        "name": "Landsat 5/7/8",
        "product_prefix": "all",
        "date_min": "1984-03-01",
        "date_max": "2016-12-26"
    }
}, {
    "model": "dc_algorithm.satellite",
    "pk": 5,
    "fields": {
        "datacube_platform": "SENTINEL_1A",
        "name": "Sentinel-1A",
        "product_prefix": "s1a_gamma0_",
        "date_min": "2015-01-01",
        "date_max": "2017-03-16"
    }
}, {
    "model": "dc_algorithm.area",
    "pk": "amazon_river",
    "fields": {
        "name": "Amazon River",
        "latitude_min": -4.5,
        "latitude_max": -2.0,
        "longitude_min": -71.5,
        "longitude_max": -69.0,
        "main_imagery": "/static/assets/images/black.png",
        "detail_imagery": "/static/assets/images/amazon_river_main.png",
        "thumbnail_imagery": "/static/assets/images/thumbnails/area_thumbnails/amazon_river_thumbnail_74W_66W_7S_1N.png",
        "detail_latitude_min": -4.5,
        "detail_latitude_max": -2.0,
        "detail_longitude_min": -71.5,
        "detail_longitude_max": -69.0,
        "satellites": [1]
    }
}, {
    "model": "dc_algorithm.area",
    "pk": "bangladesh",
    "fields": {
        "name": "Bangladesh",
        "latitude_min": 23.5,
        "latitude_max": 25.6,
        "longitude_min": 89.25,
        "longitude_max": 92.0,
        "main_imagery": "/static/assets/images/black.png",
        "detail_imagery": "/static/assets/images/bangladesh_main_89_22.925_92.25_26.175.png",
        "thumbnail_imagery": "/static/assets/images/thumbnails/area_thumbnails/bangladesh_thumbnail_88E_93E_22N27N.png",
        "detail_latitude_min": 22.925,
        "detail_latitude_max": 26.175,
        "detail_longitude_min": 89.0,
        "detail_longitude_max": 92.25,
        "satellites": [1, 3]
    }
}, {
    "model": "dc_algorithm.area",
    "pk": "colombia",
    "fields": {
        "name": "Colombia Micro Cube",
        "latitude_min": -1.0,
        "latitude_max": 2.5,
        "longitude_min": -77.2,
        "longitude_max": -73.7,
        "main_imagery": "/static/assets/images/black.png",
        "detail_imagery": "/static/assets/images/colombia_main.png",
        "thumbnail_imagery": "/static/assets/images/thumbnails/area_thumbnails/colombia_thumbnail_78W_71W_2S_4N.png",
        "detail_latitude_min": -1.0,
        "detail_latitude_max": 2.5,
        "detail_longitude_min": -77.2,
        "detail_longitude_max": -73.7,
        "satellites": [1]
    }
}, {
    "model": "dc_algorithm.area",
    "pk": "kenya",
    "fields": {
        "name": "Kenya Micro Cube",
        "latitude_min": -1.0,
        "latitude_max": 1.0,
        "longitude_min": 34.0,
        "longitude_max": 37.0,
        "main_imagery": "/static/assets/images/black.png",
        "detail_imagery": "/static/assets/images/34,-1.5,37,1.5.png",
        "thumbnail_imagery": "/static/assets/images/thumbnails/area_thumbnails/kenya_micro_cube_32E_39E_3_5S_3_5N.png",
        "detail_latitude_min": -1.5,
        "detail_latitude_max": 1.5,
        "detail_longitude_min": 34.0,
        "detail_longitude_max": 37.0,
        "satellites": [1]
    }
}, {
    "model": "dc_algorithm.area",
    "pk": "lake_baringo",
    "fields": {
        "name": "Lake Baringo",
        "latitude_min": 0.5,
        "latitude_max": 0.75,
        "longitude_min": 36.0,
        "longitude_max": 36.25,
        "main_imagery": "/static/assets/images/black.png",
        "detail_imagery": "/static/assets/images/35.5,0,37,1.5.png",
        "thumbnail_imagery": "/static/assets/images/thumbnails/area_thumbnails/lake_baringo_thumbnail_34E_37E_1S_1N.png",
        "detail_latitude_min": 0.0,
        "detail_latitude_max": 1.5,
        "detail_longitude_min": 35.5,
        "detail_longitude_max": 37.0,
        "satellites": [1]
    }
}, {
    "model": "dc_algorithm.area",
    "pk": "lake_chad",
    "fields": {
        "name": "Lake Chad",
        "latitude_min": 12.75,
        "latitude_max": 13.0,
        "longitude_min": 14.25,
        "longitude_max": 14.5,
        "main_imagery": "/static/assets/images/black.png",
        "detail_imagery": "/static/assets/images/13.75,12.25,15,13.5.png",
        "thumbnail_imagery": "/static/assets/images/thumbnails/area_thumbnails/lake_chad_thumbail_14E_15E_12N_13N.png",
        "detail_latitude_min": 12.25,
        "detail_latitude_max": 13.5,
        "detail_longitude_min": 13.75,
        "detail_longitude_max": 15.0,
        "satellites": [1]
    }
}, {
    "model": "dc_algorithm.area",
    "pk": "lake_chad_full",
    "fields": {
        "name": "Full Lake Chad",
        "latitude_min": 12.125,
        "latitude_max": 13.975,
        "longitude_min": 13.65,
        "longitude_max": 15.5,
        "main_imagery": "/static/assets/images/black.png",
        "detail_imagery": "/static/assets/images/lake_chad_main.png",
        "thumbnail_imagery": "/static/assets/images/thumbnails/area_thumbnails/lake_chad_full_thumbnail_0_1E_35N_37N.png",
        "detail_latitude_min": 12.125,
        "detail_latitude_max": 13.975,
        "detail_longitude_min": 13.65,
        "detail_longitude_max": 15.5,
        "satellites": [1, 2, 3, 4]
    }
}, {
    "model": "dc_algorithm.area",
    "pk": "lake_cortijo",
    "fields": {
        "name": "Lake Cortijo",
        "latitude_min": 3.3,
        "latitude_max": 5.3,
        "longitude_min": -75.75,
        "longitude_max": -73.3,
        "main_imagery": "/static/assets/images/black.png",
        "detail_imagery": "/static/assets/images/cortijo_main_-76_2.75_-73_5.75.png",
        "thumbnail_imagery": "/static/assets/images/thumbnails/area_thumbnails/cortijo_thumbnail_-77W_-72W_1.5N_6.5N.png",
        "detail_latitude_min": 2.75,
        "detail_latitude_max": 5.75,
        "detail_longitude_min": -76.0,
        "detail_longitude_max": -73.0,
        "satellites": [1]
    }
}, {
    "model": "dc_algorithm.area",
    "pk": "menindee_lakes",
    "fields": {
        "name": "Menindee Lakes",
        "latitude_min": -33.25,
        "latitude_max": -31.24,
        "longitude_min": 141.8,
        "longitude_max": 143.1,
        "main_imagery": "/static/assets/images/black.png",
        "detail_imagery": "/static/assets/images/meninee_lakes_main_141.25_-33.5_143.75_-31.png",
        "thumbnail_imagery": "/static/assets/images/thumbnails/area_thumbnails/meninee_lakes_thumbnail_140.25E_144.25E_33.5S_30S.png",
        "detail_latitude_min": -33.5,
        "detail_latitude_max": -31.0,
        "detail_longitude_min": 141.25,
        "detail_longitude_max": 143.75,
        "satellites": [1]
    }
}, {
    "model": "dc_algorithm.area",
    "pk": "meta_river",
    "fields": {
        "name": "Meta River",
        "latitude_min": 4.0,
        "latitude_max": 5.0,
        "longitude_min": -72.0,
        "longitude_max": -71.0,
        "main_imagery": "/static/assets/images/black.png",
        "detail_imagery": "/static/assets/images/-72,4-71,5.png",
        "thumbnail_imagery": "/static/assets/images/thumbnails/area_thumbnails/meta_river_thumbnail_75W_67W_0_5N_8_5N.png",
        "detail_latitude_min": 4.0,
        "detail_latitude_max": 5.0,
        "detail_longitude_min": -72.0,
        "detail_longitude_max": -71.0,
        "satellites": [1, 2, 4]
    }
}, {
    "model": "dc_algorithm.area",
    "pk": "salgar_colombia",
    "fields": {
        "name": "Salgar, Colombia",
        "latitude_min": 5.9,
        "latitude_max": 6.0,
        "longitude_min": -75.925,
        "longitude_max": -75.825,
        "main_imagery": "/static/assets/images/black.png",
        "detail_imagery": "/static/assets/images/salgar_colombia_main.png",
        "thumbnail_imagery": "/static/assets/images/thumbnails/area_thumbnails/colombia_thumbnail_78W_71W_2S_4N.png",
        "detail_latitude_min": 5.9,
        "detail_latitude_max": 6.0,
        "detail_longitude_min": -75.925,
        "detail_longitude_max": -75.825,
        "satellites": [1]
    }
}, {
    "model": "dc_algorithm.area",
    "pk": "togo",
    "fields": {
        "name": "Togo",
        "latitude_min": 4.25,
        "latitude_max": 7.25,
        "longitude_min": 0.0,
        "longitude_max": 3.0,
        "main_imagery": "/static/assets/images/black.png",
        "detail_imagery": "/static/assets/images/togo_main.png",
        "thumbnail_imagery": "/static/assets/images/thumbnails/area_thumbnails/togo_thumbnail_1W_4E_3N_8N.png",
        "detail_latitude_min": 4.25,
        "detail_latitude_max": 7.25,
        "detail_longitude_min": 0.0,
        "detail_longitude_max": 3.0,
        "satellites": [1]
    }
}, {
    "model": "dc_algorithm.area",
    "pk": "tonga",
    "fields": {
        "name": "Tonga",
        "latitude_min": -23.0,
        "latitude_max": -20.0,
        "longitude_min": -177.375,
        "longitude_max": -174.375,
        "main_imagery": "/static/assets/images/black.png",
        "detail_imagery": "/static/assets/images/tonga_main.png",
        "thumbnail_imagery": "/static/assets/images/thumbnails/area_thumbnails/tonga_thumbnail_177W_174W_23S_20S.png",
        "detail_latitude_min": -23.0,
        "detail_latitude_max": -20.0,
        "detail_longitude_min": -177.375,
        "detail_longitude_max": -174.375,
        "satellites": [1]
    }
}, {
    "model": "dc_algorithm.area",
    "pk": "vietnam",
    "fields": {
        "name": "Vietnam",
        "latitude_min": 10.6,
        "latitude_max": 12.62,
        "longitude_min": 106.75,
        "longitude_max": 109.0,
        "main_imagery": "/static/assets/images/black.png",
        "detail_imagery": "/static/assets/images/vietnam_main_106.5_10.3_109_12.8.png",
        "thumbnail_imagery": "/static/assets/images/thumbnails/area_thumbnails/vietnam_thumbnail_105E_110E_9N_14N.png",
        "detail_latitude_min": 10.3,
        "detail_latitude_max": 12.8,
        "detail_longitude_min": 106.5,
        "detail_longitude_max": 109.0,
        "satellites": [1, 2]
    }
}, {
    "model": "dc_algorithm.application",
    "pk": "coastal_change",
    "fields": {
        "name": "Coastal Change",
        "color_scale": "/static/assets/images/color_scales/coastal_change_color_scale.png",
        "areas": ["amazon_river", "bangladesh", "colombia", "kenya", "lake_baringo", "lake_chad", "lake_chad_full", "lake_cortijo", "menindee_lakes", "salgar_colombia", "togo", "tonga", "vietnam", "meta_river"],
        "satellites": [1, 2, 3]
    }
}, {
    "model": "dc_algorithm.application",
    "pk": "custom_mosaic_tool",
    "fields": {
        "name": "Custom Mosaic",
        "color_scale": null,
        "areas": ["amazon_river", "bangladesh", "colombia", "kenya", "lake_baringo", "lake_chad", "lake_chad_full", "lake_cortijo", "menindee_lakes", "salgar_colombia", "togo", "tonga", "vietnam", "meta_river"],
        "satellites": [1, 2, 3, 4]
    }
}, {
    "model": "dc_algorithm.application",
    "pk": "fractional_cover",
    "fields": {
        "name": "Fractional Cover",
        "color_scale": "/static/assets/images/color_scales/fractional_cover_color_scale.png",
        "areas": ["amazon_river", "bangladesh", "colombia", "kenya", "lake_baringo", "lake_chad", "lake_chad_full", "lake_cortijo", "menindee_lakes", "salgar_colombia", "togo", "tonga", "vietnam", "meta_river"],
        "satellites": [1, 2, 3, 4]
    }
}, {
    "model": "dc_algorithm.application",
    "pk": "ndvi_anomaly",
    "fields": {
        "name": "NDVI Anomaly",
        "color_scale": "/static/assets/images/color_scales/ndvi_color_scale.png",
        "areas": ["amazon_river", "bangladesh", "colombia", "kenya", "lake_baringo", "lake_chad", "lake_chad_full", "lake_cortijo", "menindee_lakes", "salgar_colombia", "togo", "tonga", "vietnam", "meta_river"],
        "satellites": [1, 2, 3]
    }
}, {
    "model": "dc_algorithm.application",
    "pk": "slip",
    "fields": {
        "name": "Landslide SLIP",
        "color_scale": "",
        "areas": [],
        "satellites": []
    }
}, {
    "model": "dc_algorithm.application",
    "pk": "tsm",
    "fields": {
        "name": "Water Quality TSM",
        "color_scale": "/static/assets/images/color_scales/tsm_color_scale.png",
        "areas": [],
        "satellites": []
    }
}, {
    "model": "dc_algorithm.application",
    "pk": "water_detection",
    "fields": {
        "name": "Water Detection",
        "color_scale": "/static/assets/images/color_scales/water_detection_color_scale.png",
        "areas": [],
        "satellites": []
    }
}, {
    "model": "dc_algorithm.compositor",
    "pk": "least_recent",
    "fields": {
        "name": "Least Recent Pixel"
    }
}, {
    "model": "dc_algorithm.compositor",
    "pk": "max_ndvi",
    "fields": {
        "name": "Max NDVI Pixel"
    }
}, {
    "model": "dc_algorithm.compositor",
    "pk": "median_pixel",
    "fields": {
        "name": "Median Pixel"
    }
}, {
    "model": "dc_algorithm.compositor",
    "pk": "min_ndvi",
    "fields": {
        "name": "Min NDVI Pixel"
    }
}, {
    "model": "dc_algorithm.compositor",
    "pk": "most_recent",
    "fields": {
        "name": "Most Recent Pixel"
    }
}, {
    "model": "dc_algorithm.baseline",
    "pk": "average",
    "fields": {
        "name": "Average"
    }
}, {
    "model": "dc_algorithm.baseline",
    "pk": "composite",
    "fields": {
        "name": "Composite"
    }
}, {
    "model": "custom_mosaic_tool.userhistory",
    "pk": 5,
    "fields": {
        "user_id": 1,
        "task_id": "d0e1ed7a-76eb-49a0-badb-a0d1a360e7b5"
    }
}, {
    "model": "custom_mosaic_tool.userhistory",
    "pk": 6,
    "fields": {
        "user_id": 1,
        "task_id": "8f436502-9075-48c4-806c-c8bedcd4d5ab"
    }
}, {
    "model": "custom_mosaic_tool.resulttype",
    "pk": 1,
    "fields": {
        "result_id": "true_color",
        "datacube_platform": "LANDSAT_8",
        "name": "True color",
        "red": "red",
        "green": "green",
        "blue": "blue",
        "fill": "red"
    }
}, {
    "model": "custom_mosaic_tool.resulttype",
    "pk": 2,
    "fields": {
        "result_id": "nir_swir_swir",
        "datacube_platform": "LANDSAT_8",
        "name": "NIR, SWIR1, SWIR2",
        "red": "nir",
        "green": "swir1",
        "blue": "swir2",
        "fill": "red"
    }
}, {
    "model": "custom_mosaic_tool.resulttype",
    "pk": 3,
    "fields": {
        "result_id": "nir_swir_red",
        "datacube_platform": "LANDSAT_8",
        "name": "NIR, SWIR1, RED",
        "red": "nir",
        "green": "swir1",
        "blue": "red",
        "fill": "red"
    }
}, {
    "model": "custom_mosaic_tool.resulttype",
    "pk": 4,
    "fields": {
        "result_id": "swir_nir_red",
        "datacube_platform": "LANDSAT_8",
        "name": "SWIR1, NIR, RED",
        "red": "swir1",
        "green": "nir",
        "blue": "red",
        "fill": "blue"
    }
}, {
    "model": "custom_mosaic_tool.resulttype",
    "pk": 5,
    "fields": {
        "result_id": "swir_nir_green",
        "datacube_platform": "LANDSAT_8",
        "name": "SWIR2, NIR, GREEN",
        "red": "swir2",
        "green": "nir",
        "blue": "green",
        "fill": "red"
    }
}, {
    "model": "custom_mosaic_tool.resulttype",
    "pk": 6,
    "fields": {
        "result_id": "swir_nir_blue",
        "datacube_platform": "LANDSAT_8",
        "name": "SWIR1, NIR, BLUE",
        "red": "swir1",
        "green": "nir",
        "blue": "blue",
        "fill": "blue"
    }
}, {
    "model": "custom_mosaic_tool.resulttype",
    "pk": 7,
    "fields": {
        "result_id": "nir_red_green",
        "datacube_platform": "LANDSAT_8",
        "name": "NIR, RED, GREEN",
        "red": "nir",
        "green": "red",
        "blue": "green",
        "fill": "blue"
    }
}, {
    "model": "custom_mosaic_tool.resulttype",
    "pk": 9,
    "fields": {
        "result_id": "true_color",
        "datacube_platform": "LANDSAT_7",
        "name": "True color",
        "red": "red",
        "green": "green",
        "blue": "blue",
        "fill": "red"
    }
}, {
    "model": "custom_mosaic_tool.resulttype",
    "pk": 10,
    "fields": {
        "result_id": "nir_swir_swir",
        "datacube_platform": "LANDSAT_7",
        "name": "NIR, SWIR1, SWIR2",
        "red": "nir",
        "green": "swir1",
        "blue": "swir2",
        "fill": "red"
    }
}, {
    "model": "custom_mosaic_tool.resulttype",
    "pk": 11,
    "fields": {
        "result_id": "nir_swir_red",
        "datacube_platform": "LANDSAT_7",
        "name": "NIR, SWIR1, RED",
        "red": "nir",
        "green": "swir1",
        "blue": "red",
        "fill": "red"
    }
}, {
    "model": "custom_mosaic_tool.resulttype",
    "pk": 12,
    "fields": {
        "result_id": "swir_nir_red",
        "datacube_platform": "LANDSAT_7",
        "name": "SWIR1, NIR, RED",
        "red": "swir1",
        "green": "nir",
        "blue": "red",
        "fill": "blue"
    }
}, {
    "model": "custom_mosaic_tool.resulttype",
    "pk": 13,
    "fields": {
        "result_id": "swir_nir_green",
        "datacube_platform": "LANDSAT_7",
        "name": "SWIR2, NIR, GREEN",
        "red": "swir2",
        "green": "nir",
        "blue": "green",
        "fill": "red"
    }
}, {
    "model": "custom_mosaic_tool.resulttype",
    "pk": 14,
    "fields": {
        "result_id": "swir_nir_blue",
        "datacube_platform": "LANDSAT_7",
        "name": "SWIR1, NIR, BLUE",
        "red": "swir1",
        "green": "nir",
        "blue": "blue",
        "fill": "blue"
    }
}, {
    "model": "custom_mosaic_tool.resulttype",
    "pk": 15,
    "fields": {
        "result_id": "nir_red_green",
        "datacube_platform": "LANDSAT_7",
        "name": "NIR, RED, GREEN",
        "red": "nir",
        "green": "red",
        "blue": "green",
        "fill": "blue"
    }
}, {
    "model": "custom_mosaic_tool.resulttype",
    "pk": 16,
    "fields": {
        "result_id": "true_color",
        "datacube_platform": "LANDSAT_5",
        "name": "True Color",
        "red": "red",
        "green": "green",
        "blue": "blue",
        "fill": "red"
    }
}, {
    "model": "custom_mosaic_tool.resulttype",
    "pk": 17,
    "fields": {
        "result_id": "nir_swir_swir",
        "datacube_platform": "LANDSAT_5",
        "name": "NIR, SWIR1, SWIR2",
        "red": "nir",
        "green": "swir1",
        "blue": "swir2",
        "fill": "red"
    }
}, {
    "model": "custom_mosaic_tool.resulttype",
    "pk": 18,
    "fields": {
        "result_id": "nir_swir_red",
        "datacube_platform": "LANDSAT_5",
        "name": "NIR, SWIR1, RED",
        "red": "nir",
        "green": "swir1",
        "blue": "red",
        "fill": "red"
    }
}, {
    "model": "custom_mosaic_tool.resulttype",
    "pk": 19,
    "fields": {
        "result_id": "swir_nir_red",
        "datacube_platform": "LANDSAT_5",
        "name": "SWIR1, NIR, RED",
        "red": "swir1",
        "green": "nir",
        "blue": "red",
        "fill": "blue"
    }
}, {
    "model": "custom_mosaic_tool.resulttype",
    "pk": 20,
    "fields": {
        "result_id": "swir_nir_green",
        "datacube_platform": "LANDSAT_5",
        "name": "SWIR2, NIR, GREEN",
        "red": "swir2",
        "green": "nir",
        "blue": "green",
        "fill": "red"
    }
}, {
    "model": "custom_mosaic_tool.resulttype",
    "pk": 21,
    "fields": {
        "result_id": "swir_nir_blue",
        "datacube_platform": "LANDSAT_5",
        "name": "SWIR1, NIR, BLUE",
        "red": "swir1",
        "green": "nir",
        "blue": "blue",
        "fill": "blue"
    }
}, {
    "model": "custom_mosaic_tool.resulttype",
    "pk": 22,
    "fields": {
        "result_id": "nir_red_green",
        "datacube_platform": "LANDSAT_5",
        "name": "NIR, RED, GREEN",
        "red": "nir",
        "green": "red",
        "blue": "green",
        "fill": "blue"
    }
}, {
    "model": "custom_mosaic_tool.resulttype",
    "pk": 23,
    "fields": {
        "result_id": "true_color",
        "datacube_platform": "LANDSAT_ALL",
        "name": "True color",
        "red": "red",
        "green": "green",
        "blue": "blue",
        "fill": "red"
    }
}, {
    "model": "custom_mosaic_tool.resulttype",
    "pk": 24,
    "fields": {
        "result_id": "nir_swir_swir",
        "datacube_platform": "LANDSAT_ALL",
        "name": "NIR, SWIR1, SWIR2",
        "red": "nir",
        "green": "swir1",
        "blue": "swir2",
        "fill": "red"
    }
}, {
    "model": "custom_mosaic_tool.resulttype",
    "pk": 25,
    "fields": {
        "result_id": "nir_swir_red",
        "datacube_platform": "LANDSAT_ALL",
        "name": "NIR, SWIR1, RED",
        "red": "nir",
        "green": "swir1",
        "blue": "red",
        "fill": "red"
    }
}, {
    "model": "custom_mosaic_tool.resulttype",
    "pk": 26,
    "fields": {
        "result_id": "swir_nir_red",
        "datacube_platform": "LANDSAT_ALL",
        "name": "SWIR1, NIR, RED",
        "red": "swir1",
        "green": "nir",
        "blue": "red",
        "fill": "blue"
    }
}, {
    "model": "custom_mosaic_tool.resulttype",
    "pk": 27,
    "fields": {
        "result_id": "swir_nir_green",
        "datacube_platform": "LANDSAT_ALL",
        "name": "SWIR2, NIR, GREEN",
        "red": "swir2",
        "green": "nir",
        "blue": "green",
        "fill": "red"
    }
}, {
    "model": "custom_mosaic_tool.resulttype",
    "pk": 28,
    "fields": {
        "result_id": "swir_nir_blue",
        "datacube_platform": "LANDSAT_ALL",
        "name": "SWIR1, NIR, BLUE",
        "red": "swir1",
        "green": "nir",
        "blue": "blue",
        "fill": "blue"
    }
}, {
    "model": "custom_mosaic_tool.resulttype",
    "pk": 29,
    "fields": {
        "result_id": "nir_red_green",
        "datacube_platform": "LANDSAT_ALL",
        "name": "NIR, RED, GREEN",
        "red": "nir",
        "green": "red",
        "blue": "green",
        "fill": "blue"
    }
}, {
    "model": "custom_mosaic_tool.resulttype",
    "pk": 30,
    "fields": {
        "result_id": "vv_vh_ratio",
        "datacube_platform": "SENTINEL_1A",
        "name": "VV,VH,VV/VH",
        "red": "vv",
        "green": "vh",
        "blue": "vv/vh",
        "fill": "vv"
    }
}, {
    "model": "custom_mosaic_tool.animationtype",
    "pk": "cumulative",
    "fields": {
        "name": "Cumulative",
        "data_variable": "None",
        "band_number": "None"
    }
}, {
    "model": "custom_mosaic_tool.animationtype",
    "pk": "none",
    "fields": {
        "name": "None",
        "data_variable": "None",
        "band_number": "None"
    }
}, {
    "model": "custom_mosaic_tool.animationtype",
    "pk": "scene",
    "fields": {
        "name": "Scene",
        "data_variable": "None",
        "band_number": "None"
    }
}, {
    "model": "coastal_change.toolinfo",
    "pk": 18,
    "fields": {
        "image_path": "/static/assets/images/thumbnails/coastal_change_1.png",
        "image_title": "Coastline Identification",
        "image_description": "Identify the coastline of a yearly mosaic and compare it to a baseline year."
    }
}, {
    "model": "coastal_change.toolinfo",
    "pk": 19,
    "fields": {
        "image_path": "/static/assets/images/thumbnails/coastal_change_2.png",
        "image_title": "Coastal Change",
        "image_description": "Compute the area covered by receding coastline over a user defined period."
    }
}, {
    "model": "coastal_change.animationtype",
    "pk": "coastal_change",
    "fields": {
        "name": "Coastal Change",
        "data_variable": "None",
        "band_number": "None"
    }
}, {
    "model": "coastal_change.animationtype",
    "pk": "coastline_change",
    "fields": {
        "name": "Coastline Change",
        "data_variable": "None",
        "band_number": "None"
    }
}, {
    "model": "coastal_change.animationtype",
    "pk": "none",
    "fields": {
        "name": "None",
        "data_variable": "None",
        "band_number": "None"
    }
}, {
    "model": "fractional_cover.toolinfo",
    "pk": 4,
    "fields": {
        "image_path": "/static/assets/images/thumbnails/fractional_cover_1.png",
        "image_title": "Fractional Coverage",
        "image_description": "The Fractional Coverage tool allows users to create a three band output product used to visualize the sub pixel composition of selected areas. Pixels are classified as a percentage of photosynthetic vegetation, non-photosynthetic vegetation, and bare soil."
    }
}, {
    "model": "fractional_cover.toolinfo",
    "pk": 5,
    "fields": {
        "image_path": "/static/assets/images/thumbnails/fractional_cover_2.png",
        "image_title": "Pixel Preference",
        "image_description": "Pick a compositing algorithm (most recent, least recent, median, min/max NDVI pixel) that will produce the desired mosaic for the fractional cover application."
    }
}, {
    "model": "fractional_cover.toolinfo",
    "pk": 6,
    "fields": {
        "image_path": "/static/assets/images/thumbnails/fractional_cover_3.png",
        "image_title": "Downloads",
        "image_description": "All products (both data and images) are available for download in various formats, including GeoTIFF, NetCDF, and PNG."
    }
}, {
    "model": "ndvi_anomaly.toolinfo",
    "pk": 9,
    "fields": {
        "image_path": "/static/assets/images/thumbnails/ndvi_anomaly_1.png",
        "image_title": "NDVI Anomaly",
        "image_description": "The NDVI Anomaly tool allows users to calculate and visualize the NDVI change between a single scene and a user defined baseline composite of scenes preceding it."
    }
}, {
    "model": "ndvi_anomaly.toolinfo",
    "pk": 10,
    "fields": {
        "image_path": "/static/assets/images/thumbnails/ndvi_anomaly_2.png",
        "image_title": "Baselines for Seasons",
        "image_description": "Define a custom baseline of specific months to create seasonal baselines unique to your region."
    }
}, {
    "model": "ndvi_anomaly.toolinfo",
    "pk": 11,
    "fields": {
        "image_path": "/static/assets/images/thumbnails/ndvi_anomaly_3.png",
        "image_title": "Specific Scene Selection",
        "image_description": "Pick a specific acquisition date for analysis and calculate the difference and percentage change from a composite of all acquisitions prior to that date."
    }
}, {
    "model": "tsm.resulttype",
    "pk": 1,
    "fields": {
        "satellite_id": "LANDSAT_7",
        "result_id": "black_background",
        "result_type": "Black",
        "fill": "black"
    }
}, {
    "model": "tsm.resulttype",
    "pk": 2,
    "fields": {
        "satellite_id": "LANDSAT_7",
        "result_id": "white_background",
        "result_type": "White",
        "fill": "white"
    }
}, {
    "model": "tsm.resulttype",
    "pk": 3,
    "fields": {
        "satellite_id": "LANDSAT_7",
        "result_id": "transparent_background",
        "result_type": "Transparent",
        "fill": "transparent"
    }
}, {
    "model": "tsm.resulttype",
    "pk": 4,
    "fields": {
        "satellite_id": "LANDSAT_7",
        "result_id": "gray_background",
        "result_type": "Gray",
        "fill": "gray"
    }
}, {
    "model": "tsm.resulttype",
    "pk": 5,
    "fields": {
        "satellite_id": "LANDSAT_5",
        "result_id": "black_background",
        "result_type": "Black",
        "fill": "black\r"
    }
}, {
    "model": "tsm.resulttype",
    "pk": 6,
    "fields": {
        "satellite_id": "LANDSAT_5",
        "result_id": "white_background",
        "result_type": "White",
        "fill": "white"
    }
}, {
    "model": "tsm.resulttype",
    "pk": 7,
    "fields": {
        "satellite_id": "LANDSAT_5",
        "result_id": "transparent_background",
        "result_type": "Transparent",
        "fill": "transparent"
    }
}, {
    "model": "tsm.resulttype",
    "pk": 8,
    "fields": {
        "satellite_id": "LANDSAT_5",
        "result_id": "gray_background",
        "result_type": "Gray",
        "fill": "gray"
    }
}, {
    "model": "tsm.resulttype",
    "pk": 9,
    "fields": {
        "satellite_id": "LANDSAT_8",
        "result_id": "black_background",
        "result_type": "Black",
        "fill": "black\r"
    }
}, {
    "model": "tsm.resulttype",
    "pk": 10,
    "fields": {
        "satellite_id": "LANDSAT_8",
        "result_id": "white_background",
        "result_type": "White",
        "fill": "white"
    }
}, {
    "model": "tsm.resulttype",
    "pk": 11,
    "fields": {
        "satellite_id": "LANDSAT_8",
        "result_id": "transparent_background",
        "result_type": "Transparent",
        "fill": "transparent"
    }
}, {
    "model": "tsm.resulttype",
    "pk": 12,
    "fields": {
        "satellite_id": "LANDSAT_8",
        "result_id": "gray_background",
        "result_type": "Gray",
        "fill": "gray"
    }
}, {
    "model": "tsm.resulttype",
    "pk": 1453,
    "fields": {
        "satellite_id": "LANDSAT_ALL",
        "result_id": "gray_background",
        "result_type": "Gray",
        "fill": "gray"
    }
}, {
    "model": "tsm.resulttype",
    "pk": 1454,
    "fields": {
        "satellite_id": "LANDSAT_ALL",
        "result_id": "transparent_background",
        "result_type": "Transparent",
        "fill": "transparent"
    }
}, {
    "model": "tsm.resulttype",
    "pk": 1455,
    "fields": {
        "satellite_id": "LANDSAT_ALL",
        "result_id": "black_background",
        "result_type": "Black",
        "fill": "black"
    }
}, {
    "model": "tsm.resulttype",
    "pk": 1456,
    "fields": {
        "satellite_id": "LANDSAT_ALL",
        "result_id": "white_background",
        "result_type": "White",
        "fill": "white"
    }
}, {
    "model": "water_detection.resulttype",
    "pk": 1,
    "fields": {
        "satellite_id": "LANDSAT_7",
        "result_id": "black_background",
        "result_type": "Black",
        "fill": "black"
    }
}, {
    "model": "water_detection.resulttype",
    "pk": 2,
    "fields": {
        "satellite_id": "LANDSAT_7",
        "result_id": "white_background",
        "result_type": "White",
        "fill": "white"
    }
}, {
    "model": "water_detection.resulttype",
    "pk": 3,
    "fields": {
        "satellite_id": "LANDSAT_7",
        "result_id": "transparent_background",
        "result_type": "Transparent",
        "fill": "transparent"
    }
}, {
    "model": "water_detection.resulttype",
    "pk": 4,
    "fields": {
        "satellite_id": "LANDSAT_5",
        "result_id": "transparent_background",
        "result_type": "Transparent",
        "fill": "transparent"
    }
}, {
    "model": "water_detection.resulttype",
    "pk": 5,
    "fields": {
        "satellite_id": "LANDSAT_5",
        "result_id": "white_background",
        "result_type": "White",
        "fill": "white"
    }
}, {
    "model": "water_detection.resulttype",
    "pk": 6,
    "fields": {
        "satellite_id": "LANDSAT_5",
        "result_id": "black_background",
        "result_type": "Black",
        "fill": "black"
    }
}, {
    "model": "water_detection.resulttype",
    "pk": 7,
    "fields": {
        "satellite_id": "LANDSAT_8",
        "result_id": "transparent_background",
        "result_type": "Transparent",
        "fill": "transparent"
    }
}, {
    "model": "water_detection.resulttype",
    "pk": 8,
    "fields": {
        "satellite_id": "LANDSAT_8",
        "result_id": "white_background",
        "result_type": "White",
        "fill": "white"
    }
}, {
    "model": "water_detection.resulttype",
    "pk": 9,
    "fields": {
        "satellite_id": "LANDSAT_8",
        "result_id": "black_background",
        "result_type": "Black",
        "fill": "black"
    }
}, {
    "model": "water_detection.resulttype",
    "pk": 1453,
    "fields": {
        "satellite_id": "LANDSAT_ALL",
        "result_id": "transparent_background",
        "result_type": "Transparent",
        "fill": "transparent"
    }
}, {
    "model": "water_detection.resulttype",
    "pk": 1454,
    "fields": {
        "satellite_id": "LANDSAT_ALL",
        "result_id": "black_background",
        "result_type": "Black",
        "fill": "black"
    }
}, {
    "model": "water_detection.resulttype",
    "pk": 1455,
    "fields": {
        "satellite_id": "LANDSAT_ALL",
        "result_id": "white_background",
        "result_type": "White",
        "fill": "white"
    }
}]
