[{"model": "custom_mosaic_tool.resulttype", "pk": 1, "fields": {"satellite_id": "LANDSAT_8", "result_id": "true_color", "result_type": "True color", "red": "red", "green": "green", "blue": "blue", "fill": "red"}}, {"model": "custom_mosaic_tool.resulttype", "pk": 2, "fields": {"satellite_id": "LANDSAT_8", "result_id": "nir_swir_swir", "result_type": "NIR, SWIR1, SWIR2", "red": "nir", "green": "swir1", "blue": "swir2", "fill": "red"}}, {"model": "custom_mosaic_tool.resulttype", "pk": 3, "fields": {"satellite_id": "LANDSAT_8", "result_id": "nir_swir_red", "result_type": "NIR, SWIR1, RED", "red": "nir", "green": "swir1", "blue": "red", "fill": "red"}}, {"model": "custom_mosaic_tool.resulttype", "pk": 4, "fields": {"satellite_id": "LANDSAT_8", "result_id": "swir_nir_red", "result_type": "SWIR1, NIR, RED", "red": "swir1", "green": "nir", "blue": "red", "fill": "blue"}}, {"model": "custom_mosaic_tool.resulttype", "pk": 5, "fields": {"satellite_id": "LANDSAT_8", "result_id": "swir_nir_green", "result_type": "SWIR2, NIR, GREEN", "red": "swir2", "green": "nir", "blue": "green", "fill": "red"}}, {"model": "custom_mosaic_tool.resulttype", "pk": 6, "fields": {"satellite_id": "LANDSAT_8", "result_id": "swir_nir_blue", "result_type": "SWIR1, NIR, BLUE", "red": "swir1", "green": "nir", "blue": "blue", "fill": "blue"}}, {"model": "custom_mosaic_tool.resulttype", "pk": 7, "fields": {"satellite_id": "LANDSAT_8", "result_id": "nir_red_green", "result_type": "NIR, RED, GREEN", "red": "nir", "green": "red", "blue": "green", "fill": "blue"}}, {"model": "custom_mosaic_tool.resulttype", "pk": 9, "fields": {"satellite_id": "LANDSAT_7", "result_id": "true_color", "result_type": "True color", "red": "red", "green": "green", "blue": "blue", "fill": "red"}}, {"model": "custom_mosaic_tool.resulttype", "pk": 10, "fields": {"satellite_id": "LANDSAT_7", "result_id": "nir_swir_swir", "result_type": "NIR, SWIR1, SWIR2", "red": "nir", "green": "swir1", "blue": "swir2", "fill": "red"}}, {"model": "custom_mosaic_tool.resulttype", "pk": 11, "fields": {"satellite_id": "LANDSAT_7", "result_id": "nir_swir_red", "result_type": "NIR, SWIR1, RED", "red": "nir", "green": "swir1", "blue": "red", "fill": "red"}}, {"model": "custom_mosaic_tool.resulttype", "pk": 12, "fields": {"satellite_id": "LANDSAT_7", "result_id": "swir_nir_red", "result_type": "SWIR1, NIR, RED", "red": "swir1", "green": "nir", "blue": "red", "fill": "blue"}}, {"model": "custom_mosaic_tool.resulttype", "pk": 13, "fields": {"satellite_id": "LANDSAT_7", "result_id": "swir_nir_green", "result_type": "SWIR2, NIR, GREEN", "red": "swir2", "green": "nir", "blue": "green", "fill": "red"}}, {"model": "custom_mosaic_tool.resulttype", "pk": 14, "fields": {"satellite_id": "LANDSAT_7", "result_id": "swir_nir_blue", "result_type": "SWIR1, NIR, BLUE", "red": "swir1", "green": "nir", "blue": "blue", "fill": "blue"}}, {"model": "custom_mosaic_tool.resulttype", "pk": 15, "fields": {"satellite_id": "LANDSAT_7", "result_id": "nir_red_green", "result_type": "NIR, RED, GREEN", "red": "nir", "green": "red", "blue": "green", "fill": "blue"}}, {"model": "custom_mosaic_tool.resulttype", "pk": 16, "fields": {"satellite_id": "LANDSAT_5", "result_id": "true_color", "result_type": "True Color", "red": "red", "green": "green", "blue": "blue", "fill": "red"}}, {"model": "custom_mosaic_tool.resulttype", "pk": 17, "fields": {"satellite_id": "LANDSAT_5", "result_id": "nir_swir_swir", "result_type": "NIR, SWIR1, SWIR2", "red": "nir", "green": "swir1", "blue": "swir2", "fill": "red"}}, {"model": "custom_mosaic_tool.resulttype", "pk": 18, "fields": {"satellite_id": "LANDSAT_5", "result_id": "nir_swir_red", "result_type": "NIR, SWIR1, RED", "red": "nir", "green": "swir1", "blue": "red", "fill": "red"}}, {"model": "custom_mosaic_tool.resulttype", "pk": 19, "fields": {"satellite_id": "LANDSAT_5", "result_id": "swir_nir_red", "result_type": "SWIR1, NIR, RED", "red": "swir1", "green": "nir", "blue": "red", "fill": "blue"}}, {"model": "custom_mosaic_tool.resulttype", "pk": 20, "fields": {"satellite_id": "LANDSAT_5", "result_id": "swir_nir_green", "result_type": "SWIR2, NIR, GREEN", "red": "swir2", "green": "nir", "blue": "green", "fill": "red"}}, {"model": "custom_mosaic_tool.resulttype", "pk": 21, "fields": {"satellite_id": "LANDSAT_5", "result_id": "swir_nir_blue", "result_type": "SWIR1, NIR, BLUE", "red": "swir1", "green": "nir", "blue": "blue", "fill": "blue"}}, {"model": "custom_mosaic_tool.resulttype", "pk": 22, "fields": {"satellite_id": "LANDSAT_5", "result_id": "nir_red_green", "result_type": "NIR, RED, GREEN", "red": "nir", "green": "red", "blue": "green", "fill": "blue"}}, {"model": "custom_mosaic_tool.resulttype", "pk": 1453, "fields": {"satellite_id": "LANDSAT_ALL", "result_id": "none", "result_type": "None", "red": "none", "green": "none", "blue": "none", "fill": "none"}}, {"model": "water_detection.resulttype", "pk": 1, "fields": {"satellite_id": "LANDSAT_7", "result_id": "black_background", "result_type": "Black", "fill": "black"}}, {"model": "water_detection.resulttype", "pk": 2, "fields": {"satellite_id": "LANDSAT_7", "result_id": "white_background", "result_type": "White", "fill": "white"}}, {"model": "water_detection.resulttype", "pk": 3, "fields": {"satellite_id": "LANDSAT_7", "result_id": "transparent_background", "result_type": "Transparent", "fill": "transparent"}}, {"model": "water_detection.resulttype", "pk": 4, "fields": {"satellite_id": "LANDSAT_5", "result_id": "transparent_background", "result_type": "Transparent", "fill": "transparent"}}, {"model": "water_detection.resulttype", "pk": 5, "fields": {"satellite_id": "LANDSAT_5", "result_id": "white_background", "result_type": "White", "fill": "white"}}, {"model": "water_detection.resulttype", "pk": 6, "fields": {"satellite_id": "LANDSAT_5", "result_id": "black_background", "result_type": "Black", "fill": "black"}}, {"model": "water_detection.resulttype", "pk": 7, "fields": {"satellite_id": "LANDSAT_8", "result_id": "transparent_background", "result_type": "Transparent", "fill": "transparent"}}, {"model": "water_detection.resulttype", "pk": 8, "fields": {"satellite_id": "LANDSAT_8", "result_id": "white_background", "result_type": "White", "fill": "white"}}, {"model": "water_detection.resulttype", "pk": 9, "fields": {"satellite_id": "LANDSAT_8", "result_id": "black_background", "result_type": "Black", "fill": "black"}}, {"model": "water_detection.resulttype", "pk": 1453, "fields": {"satellite_id": "LANDSAT_ALL", "result_id": "transparent_background", "result_type": "Transparent", "fill": "transparent"}}, {"model": "water_detection.resulttype", "pk": 1454, "fields": {"satellite_id": "LANDSAT_ALL", "result_id": "black_background", "result_type": "Black", "fill": "black"}}, {"model": "water_detection.resulttype", "pk": 1455, "fields": {"satellite_id": "LANDSAT_ALL", "result_id": "white_background", "result_type": "White", "fill": "white"}}, {"model": "tsm.resulttype", "pk": 1, "fields": {"satellite_id": "LANDSAT_7", "result_id": "black_background", "result_type": "Black", "fill": "black"}}, {"model": "tsm.resulttype", "pk": 2, "fields": {"satellite_id": "LANDSAT_7", "result_id": "white_background", "result_type": "White", "fill": "white"}}, {"model": "tsm.resulttype", "pk": 3, "fields": {"satellite_id": "LANDSAT_7", "result_id": "transparent_background", "result_type": "Transparent", "fill": "transparent"}}, {"model": "tsm.resulttype", "pk": 4, "fields": {"satellite_id": "LANDSAT_7", "result_id": "gray_background", "result_type": "Gray", "fill": "gray"}}, {"model": "tsm.resulttype", "pk": 5, "fields": {"satellite_id": "LANDSAT_5", "result_id": "black_background", "result_type": "Black", "fill": "black\r"}}, {"model": "tsm.resulttype", "pk": 6, "fields": {"satellite_id": "LANDSAT_5", "result_id": "white_background", "result_type": "White", "fill": "white"}}, {"model": "tsm.resulttype", "pk": 7, "fields": {"satellite_id": "LANDSAT_5", "result_id": "transparent_background", "result_type": "Transparent", "fill": "transparent"}}, {"model": "tsm.resulttype", "pk": 8, "fields": {"satellite_id": "LANDSAT_5", "result_id": "gray_background", "result_type": "Gray", "fill": "gray"}}, {"model": "tsm.resulttype", "pk": 9, "fields": {"satellite_id": "LANDSAT_8", "result_id": "black_background", "result_type": "Black", "fill": "black\r"}}, {"model": "tsm.resulttype", "pk": 10, "fields": {"satellite_id": "LANDSAT_8", "result_id": "white_background", "result_type": "White", "fill": "white"}}, {"model": "tsm.resulttype", "pk": 11, "fields": {"satellite_id": "LANDSAT_8", "result_id": "transparent_background", "result_type": "Transparent", "fill": "transparent"}}, {"model": "tsm.resulttype", "pk": 12, "fields": {"satellite_id": "LANDSAT_8", "result_id": "gray_background", "result_type": "Gray", "fill": "gray"}}, {"model": "tsm.resulttype", "pk": 1453, "fields": {"satellite_id": "LANDSAT_ALL", "result_id": "gray_background", "result_type": "Gray", "fill": "gray"}}, {"model": "tsm.resulttype", "pk": 1454, "fields": {"satellite_id": "LANDSAT_ALL", "result_id": "transparent_background", "result_type": "Transparent", "fill": "transparent"}}, {"model": "tsm.resulttype", "pk": 1455, "fields": {"satellite_id": "LANDSAT_ALL", "result_id": "black_background", "result_type": "Black", "fill": "black"}}, {"model": "tsm.resulttype", "pk": 1456, "fields": {"satellite_id": "LANDSAT_ALL", "result_id": "white_background", "result_type": "White", "fill": "white"}}, {"model": "data_cube_ui.satellite", "pk": 1, "fields": {"satellite_id": "LANDSAT_7", "satellite_name": "Landsat 7", "product_prefix": "ls7_ledaps_", "date_min": "1999-04-15", "date_max": "2016-12-26"}}, {"model": "data_cube_ui.satellite", "pk": 2, "fields": {"satellite_id": "LANDSAT_8", "satellite_name": "Landsat 8", "product_prefix": "ls8_ledaps_", "date_min": "2013-02-11", "date_max": "2016-12-26"}}, {"model": "data_cube_ui.satellite", "pk": 3, "fields": {"satellite_id": "LANDSAT_5", "satellite_name": "Landsat 5", "product_prefix": "ls5_ledaps_", "date_min": "1984-03-01", "date_max": "1999-02-08"}}, {"model": "data_cube_ui.satellite", "pk": 4, "fields": {"satellite_id": "LANDSAT_ALL", "satellite_name": "Landsat 5/7/8", "product_prefix": "all", "date_min": "1984-03-01", "date_max": "2016-12-26"}}, {"model": "data_cube_ui.area", "pk": 1, "fields": {"area_id": "lake_baringo", "area_name": "Lake Baringo", "latitude_min": 0.5, "latitude_max": 0.75, "longitude_min": 36.0, "longitude_max": 36.25, "main_imagery": "/static/assets/images/black.png", "detail_imagery": "/static/assets/images/35.5,0,37,1.5.png", "thumbnail_imagery": "/static/assets/images/thumbnails/area_thumbnails/lake_baringo_thumbnail_34E_37E_1S_1N.png", "detail_latitude_min": 0.0, "detail_latitude_max": 1.5, "detail_longitude_min": 35.5, "detail_longitude_max": 37.0, "satellites": [1]}}, {"model": "data_cube_ui.area", "pk": 2, "fields": {"area_id": "lake_chad", "area_name": "Lake Chad", "latitude_min": 12.75, "latitude_max": 13.0, "longitude_min": 14.25, "longitude_max": 14.5, "main_imagery": "/static/assets/images/black.png", "detail_imagery": "/static/assets/images/13.75,12.25,15,13.5.png", "thumbnail_imagery": "/static/assets/images/thumbnails/area_thumbnails/lake_chad_thumbail_14E_15E_12N_13N.png", "detail_latitude_min": 12.25, "detail_latitude_max": 13.5, "detail_longitude_min": 13.75, "detail_longitude_max": 15.0, "satellites": [1]}}, {"model": "data_cube_ui.area", "pk": 3, "fields": {"area_id": "kenya", "area_name": "Kenya Micro Cube", "latitude_min": -1.0, "latitude_max": 1.0, "longitude_min": 34.0, "longitude_max": 37.0, "main_imagery": "/static/assets/images/black.png", "detail_imagery": "/static/assets/images/34,-1.5,37,1.5.png", "thumbnail_imagery": "/static/assets/images/thumbnails/area_thumbnails/kenya_micro_cube_32E_39E_3_5S_3_5N.png", "detail_latitude_min": -1.5, "detail_latitude_max": 1.5, "detail_longitude_min": 34.0, "detail_longitude_max": 37.0, "satellites": [1]}}, {"model": "data_cube_ui.area", "pk": 4, "fields": {"area_id": "colombia", "area_name": "Colombia Micro Cube", "latitude_min": -1.0, "latitude_max": 2.5, "longitude_min": -77.2, "longitude_max": -73.7, "main_imagery": "/static/assets/images/black.png", "detail_imagery": "/static/assets/images/colombia_main.png", "thumbnail_imagery": "/static/assets/images/thumbnails/area_thumbnails/colombia_thumbnail_78W_71W_2S_4N.png", "detail_latitude_min": -1.0, "detail_latitude_max": 2.5, "detail_longitude_min": -77.2, "detail_longitude_max": -73.7, "satellites": [1]}}, {"model": "data_cube_ui.area", "pk": 5, "fields": {"area_id": "meta_river", "area_name": "Meta River", "latitude_min": 4.0, "latitude_max": 5.0, "longitude_min": -72.0, "longitude_max": -71.0, "main_imagery": "/static/assets/images/black.png", "detail_imagery": "/static/assets/images/-72,4-71,5.png", "thumbnail_imagery": "/static/assets/images/thumbnails/area_thumbnails/meta_river_thumbnail_75W_67W_0_5N_8_5N.png", "detail_latitude_min": 4.0, "detail_latitude_max": 5.0, "detail_longitude_min": -72.0, "detail_longitude_max": -71.0, "satellites": [1]}}, {"model": "data_cube_ui.area", "pk": 6, "fields": {"area_id": "tonga", "area_name": "Tonga", "latitude_min": -23.0, "latitude_max": -20.0, "longitude_min": -177.375, "longitude_max": -174.375, "main_imagery": "/static/assets/images/black.png", "detail_imagery": "/static/assets/images/tonga_main.png", "thumbnail_imagery": "/static/assets/images/thumbnails/area_thumbnails/tonga_thumbnail_177W_174W_23S_20S.png", "detail_latitude_min": -23.0, "detail_latitude_max": -20.0, "detail_longitude_min": -177.375, "detail_longitude_max": -174.375, "satellites": [1]}}, {"model": "data_cube_ui.area", "pk": 7, "fields": {"area_id": "togo", "area_name": "Togo", "latitude_min": 4.25, "latitude_max": 7.25, "longitude_min": 0.0, "longitude_max": 3.0, "main_imagery": "/static/assets/images/black.png", "detail_imagery": "/static/assets/images/togo_main.png", "thumbnail_imagery": "/static/assets/images/thumbnails/area_thumbnails/togo_thumbnail_1W_4E_3N_8N.png", "detail_latitude_min": 4.25, "detail_latitude_max": 7.25, "detail_longitude_min": 0.0, "detail_longitude_max": 3.0, "satellites": [1]}}, {"model": "data_cube_ui.area", "pk": 8, "fields": {"area_id": "amazon_river", "area_name": "Amazon River", "latitude_min": -4.5, "latitude_max": -2.0, "longitude_min": -71.5, "longitude_max": -69.0, "main_imagery": "/static/assets/images/black.png", "detail_imagery": "/static/assets/images/amazon_river_main.png", "thumbnail_imagery": "/static/assets/images/thumbnails/area_thumbnails/amazon_river_thumbnail_74W_66W_7S_1N.png", "detail_latitude_min": -4.5, "detail_latitude_max": -2.0, "detail_longitude_min": -71.5, "detail_longitude_max": -69.0, "satellites": [1]}}, {"model": "data_cube_ui.area", "pk": 9, "fields": {"area_id": "lake_chad_full", "area_name": "Full Lake Chad", "latitude_min": 12.125, "latitude_max": 13.975, "longitude_min": 13.65, "longitude_max": 15.5, "main_imagery": "/static/assets/images/black.png", "detail_imagery": "/static/assets/images/lake_chad_main.png", "thumbnail_imagery": "/static/assets/images/thumbnails/area_thumbnails/lake_chad_full_thumbnail_0_1E_35N_37N.png", "detail_latitude_min": 12.125, "detail_latitude_max": 13.975, "detail_longitude_min": 13.65, "detail_longitude_max": 15.5, "satellites": [1, 2, 3, 4]}}, {"model": "data_cube_ui.area", "pk": 10, "fields": {"area_id": "salgar_colombia", "area_name": "Salgar, Colombia", "latitude_min": 5.9, "latitude_max": 6.0, "longitude_min": -75.925, "longitude_max": -75.825, "main_imagery": "/static/assets/images/black.png", "detail_imagery": "/static/assets/images/salgar_colombia_main.png", "thumbnail_imagery": "/static/assets/images/thumbnails/area_thumbnails/colombia_thumbnail_78W_71W_2S_4N.png", "detail_latitude_min": 5.9, "detail_latitude_max": 6.0, "detail_longitude_min": -75.925, "detail_longitude_max": -75.825, "satellites": [1]}}, {"model": "data_cube_ui.compositor", "pk": 1, "fields": {"compositor_id": "most_recent", "compositor_name": "Most Recent Pixel"}}, {"model": "data_cube_ui.compositor", "pk": 2, "fields": {"compositor_id": "least_recent", "compositor_name": "Least Recent Pixel"}}, {"model": "data_cube_ui.compositor", "pk": 3, "fields": {"compositor_id": "max_ndvi", "compositor_name": "Max NDVI Pixel"}}, {"model": "data_cube_ui.compositor", "pk": 4, "fields": {"compositor_id": "min_ndvi", "compositor_name": "Min NDVI Pixel"}}, {"model": "data_cube_ui.compositor", "pk": 5, "fields": {"compositor_id": "median_pixel", "compositor_name": "Median Pixel"}}, {"model": "data_cube_ui.baseline", "pk": 1, "fields": {"baseline_id": "average", "baseline_name": "Average"}}, {"model": "data_cube_ui.baseline", "pk": 2, "fields": {"baseline_id": "composite", "baseline_name": "Composite"}}, {"model": "data_cube_ui.animationtype", "pk": 1, "fields": {"type_id": "None", "app_name": "all", "type_name": "None", "data_variable": "None", "band_number": "None"}}, {"model": "data_cube_ui.animationtype", "pk": 2, "fields": {"type_id": "scene", "app_name": "all", "type_name": "Scene", "data_variable": "wofs_data", "band_number": "1"}}, {"model": "data_cube_ui.animationtype", "pk": 3, "fields": {"type_id": "cumulative_acquisitions", "app_name": "water_detection", "type_name": "Cumulative Acquisitions", "data_variable": "water_analysis", "band_number": "3"}}, {"model": "data_cube_ui.animationtype", "pk": 4, "fields": {"type_id": "cumulative_observations", "app_name": "water_detection", "type_name": "Cumulative Observations", "data_variable": "water_analysis", "band_number": "2"}}, {"model": "data_cube_ui.animationtype", "pk": 5, "fields": {"type_id": "cumulative_percentages", "app_name": "water_detection", "type_name": "Cumulative Percentages", "data_variable": "water_analysis", "band_number": "1"}}, {"model": "data_cube_ui.animationtype", "pk": 6, "fields": {"type_id": "cumulative", "app_name": "custom_mosaic_tool", "type_name": "Cumulative", "data_variable": "composite", "band_number": "composite"}}, {"model": "data_cube_ui.animationtype", "pk": 7, "fields": {"type_id": "cumulative_average", "app_name": "tsm", "type_name": "Cumulative Average", "data_variable": "water_analysis", "band_number": "1"}}, {"model": "data_cube_ui.application", "pk": 1, "fields": {"application_id": "custom_mosaic_tool", "application_name": "Custom Mosaic", "areas": [3, 4, 5, 6, 7, 8, 9, 1, 2], "satellites": [1, 2, 3]}}, {"model": "data_cube_ui.application", "pk": 2, "fields": {"application_id": "water_detection", "application_name": "Water Detection", "areas": [5, 6, 7, 8, 9, 1, 2], "satellites": [1, 2, 3, 4]}}, {"model": "data_cube_ui.application", "pk": 3, "fields": {"application_id": "tsm", "application_name": "Water Quality TSM", "areas": [9, 1, 2], "satellites": [1, 2, 3, 4]}}, {"model": "data_cube_ui.application", "pk": 4, "fields": {"application_id": "fractional_cover", "application_name": "Fractional Cover", "areas": [3, 4, 5, 6, 7, 8, 9], "satellites": [1, 2, 3]}}, {"model": "data_cube_ui.application", "pk": 5, "fields": {"application_id": "slip", "application_name": "Landslide SLIP", "areas": [10], "satellites": [1]}}, {"model": "data_cube_ui.application", "pk": 6, "fields": {"application_id": "ndvi_anomaly", "application_name": "NDVI Anomaly", "areas": [3, 4, 5, 9, 10, 1, 2], "satellites": [1, 2, 3]}}, {"model": "data_cube_ui.toolinfo", "pk": 1, "fields": {"image_path": "/static/assets/images/thumbnails/custom_mosaic_tool_1.png", "image_title": "True Color Mosaics", "image_description": "The Custom Mosaic Tool allows users to create detailed true or false color images of given areas using optical data from various Landsat satellites.", "application": 1}}, {"model": "data_cube_ui.toolinfo", "pk": 2, "fields": {"image_path": "/static/assets/images/thumbnails/custom_mosaic_tool_2.png", "image_title": "Pixel Preference", "image_description": "Choose how the 'best' pixel will be chosen: Most recent, least recent, median, or min/max NDVI value pixel.", "application": 1}}, {"model": "data_cube_ui.toolinfo", "pk": 3, "fields": {"image_path": "/static/assets/images/thumbnails/custom_mosaic_tool_3.png", "image_title": "Time Series", "image_description": "Run powerful time series analyses that composites a series of acquisitions to produce a single image.", "application": 1}}, {"model": "data_cube_ui.toolinfo", "pk": 4, "fields": {"image_path": "/static/assets/images/thumbnails/fractional_cover_1.png", "image_title": "Fractional Coverage", "image_description": "The Fractional Coverage tool allows users to create a three band output product used to visualize the sub pixel composition of selected areas. Pixels are classified as a percentage of photosynthetic vegetation, non-photosynthetic vegetation, and bare soil.", "application": 4}}, {"model": "data_cube_ui.toolinfo", "pk": 5, "fields": {"image_path": "/static/assets/images/thumbnails/fractional_cover_2.png", "image_title": "Pixel Preference", "image_description": "Pick a compositing algorithm (most recent, least recent, median, min/max NDVI pixel) that will produce the desired mosaic for the fractional cover application.", "application": 4}}, {"model": "data_cube_ui.toolinfo", "pk": 6, "fields": {"image_path": "/static/assets/images/thumbnails/fractional_cover_3.png", "image_title": "Downloads", "image_description": "All products (both data and images) are available for download in various formats, including GeoTIFF, NetCDF, and PNG.", "application": 4}}, {"model": "data_cube_ui.toolinfo", "pk": 7, "fields": {"image_path": "/static/assets/images/thumbnails/slip_1.png", "image_title": "Landslide Detection", "image_description": "The SLIP tools uses algorithms to combine optical and elevation data to determine possible locations for recent landslides", "application": 5}}, {"model": "data_cube_ui.toolinfo", "pk": 8, "fields": {"image_path": "/static/assets/images/thumbnails/slip_2.png", "image_title": "Threshold Control", "image_description": "Set the baseline thresholds to expand or narrow results of possible landslide data.", "application": 5}}, {"model": "data_cube_ui.toolinfo", "pk": 9, "fields": {"image_path": "/static/assets/images/thumbnails/ndvi_anomaly_1.png", "image_title": "NDVI Anomaly", "image_description": "The NDVI Anomaly tool allows users to calculate and visualize the NDVI change between a single scene and a user defined baseline composite of scenes preceding it.", "application": 6}}, {"model": "data_cube_ui.toolinfo", "pk": 10, "fields": {"image_path": "/static/assets/images/thumbnails/ndvi_anomaly_2.png", "image_title": "Baselines for Seasons", "image_description": "Define a custom baseline of specific months to create seasonal baselines unique to your region.", "application": 6}}, {"model": "data_cube_ui.toolinfo", "pk": 11, "fields": {"image_path": "/static/assets/images/thumbnails/ndvi_anomaly_3.png", "image_title": "Specific Scene Selection", "image_description": "Pick a specific acquisition date for analysis and calculate the difference and percentage change from a composite of all acquisitions prior to that date.", "application": 6}}, {"model": "data_cube_ui.toolinfo", "pk": 12, "fields": {"image_path": "/static/assets/images/thumbnails/water_detection_1.png", "image_title": "Water Detection", "image_description": "The Water Detection tool allows users to determine a per pixel analysis of water vs not-water for a given scene over many acquisitions.", "application": 2}}, {"model": "data_cube_ui.toolinfo", "pk": 13, "fields": {"image_path": "/static/assets/images/thumbnails/water_detection_2.png", "image_title": "Time Series Analysis", "image_description": "Run analyses over time producing outputs visualizing cumulative acquisitions, water observations, and water percentages.", "application": 2}}, {"model": "data_cube_ui.toolinfo", "pk": 14, "fields": {"image_path": "/static/assets/images/thumbnails/water_detection_3.png", "image_title": "Animated Images", "image_description": "Create animated GIFs of water levels over time to show trends of increasing or decreasing water levels.", "application": 2}}, {"model": "data_cube_ui.toolinfo", "pk": 15, "fields": {"image_path": "/static/assets/images/thumbnails/tsm_1.png", "image_title": "Total Suspended Matter", "image_description": "The TSM tool allows users to run an algorithm to determine the average amount of suspended matter in a given area.", "application": 3}}, {"model": "data_cube_ui.toolinfo", "pk": 16, "fields": {"image_path": "/static/assets/images/thumbnails/tsm_2.png", "image_title": "Time Series Analysis", "image_description": "Run analyses over a given time period and geographic area to produce a single cumulative product from multiple time slices.", "application": 3}}, {"model": "data_cube_ui.toolinfo", "pk": 17, "fields": {"image_path": "/static/assets/images/thumbnails/tsm_3.png", "image_title": "Animated Images", "image_description": "Create animated GIFs of TSM values over time to show trends of increasing or decreasing suspended matter.", "application": 3}}, {"model": "auth.user", "pk": 1, "fields": {"password": "pbkdf2_sha256$30000$CzosGmRcwNIj$T3Z5d2r80qzs0wtIjkBlKBc+5iZZzybM3Fm1n9Luv/U=", "last_login": "2017-02-09T17:57:00.984Z", "is_superuser": true, "username": "localuser", "first_name": "", "last_name": "", "email": "", "is_staff": true, "is_active": true, "date_joined": "2017-01-30T17:13:36.232Z", "groups": [], "user_permissions": []}}, {"model": "auth.user", "pk": 2, "fields": {"password": "pbkdf2_sha256$30000$ErcvnLq1Cc4Q$1QKkAvOl7F9i8dDyFPwev2qwy/UdWUDznAuPTu80k5U=", "last_login": null, "is_superuser": false, "username": "localuser2", "first_name": "", "last_name": "", "email": "michael.a.platt@ama-inc.com", "is_staff": false, "is_active": false, "date_joined": "2017-02-03T15:00:58.039Z", "groups": [], "user_permissions": []}}, {"model": "sessions.session", "pk": "0d2g62p6p79h775kg16kx5t32ewf0ekn", "fields": {"session_data": "NDYwY2U1YTJhNDE1MjA2MTY3N2E3NjFkNzkxNzBhOTcyMjY3ZDY3ZTp7Il9hdXRoX3VzZXJfaWQiOiIxIiwiX2F1dGhfdXNlcl9oYXNoIjoiMGE4OGZlMDdiZWQxYjBlNjBkNjY4OGEzNmYxNzlmYjRmMzcyNTZjOCIsIl9hdXRoX3VzZXJfYmFja2VuZCI6ImRqYW5nby5jb250cmliLmF1dGguYmFja2VuZHMuTW9kZWxCYWNrZW5kIn0=", "expire_date": "2017-02-01T19:18:13.471Z"}}, {"model": "sessions.session", "pk": "2iln7913hi2k48ipuyaat10tu46wz9az", "fields": {"session_data": "ZmYwYjZkYTJjYzZmOWZiY2JkNmQzNjlkOGFmYjRmNTQ2NGE2YzU0Zjp7Il9hdXRoX3VzZXJfaWQiOiIzIiwiX2F1dGhfdXNlcl9iYWNrZW5kIjoiZGphbmdvLmNvbnRyaWIuYXV0aC5iYWNrZW5kcy5Nb2RlbEJhY2tlbmQiLCJfYXV0aF91c2VyX2hhc2giOiIxNjhmNDE2MjBkZGEwMjFhYmYwOGI0ZDIzNDc1OGFiNzJhMDM5NmExIn0=", "expire_date": "2017-01-30T17:40:56.423Z"}}, {"model": "sessions.session", "pk": "2mv4npbb7syg6axxphpdo2sxybqi0yk4", "fields": {"session_data": "ZWM2ODg2MjQyZDU1MzcwZTllMjc3Y2JhNDY5MzJiOGExNzU0NzA2Mzp7Il9hdXRoX3VzZXJfaWQiOiIxIiwiX2F1dGhfdXNlcl9oYXNoIjoiOWQ4NWM4ODU2OTQ4MGJhMTdlNmFkODUxZDE2N2YwYmM5YzczNmIzNyIsIl9hdXRoX3VzZXJfYmFja2VuZCI6ImRqYW5nby5jb250cmliLmF1dGguYmFja2VuZHMuTW9kZWxCYWNrZW5kIn0=", "expire_date": "2017-01-05T17:17:32.126Z"}}, {"model": "sessions.session", "pk": "5oxn5x4w9fquukhd1t4pbg89p2t70l4g", "fields": {"session_data": "Nzg3YjU3ZjQxNGM1N2E3YzFjN2E3OWZiODhlMzZjMWRjOGI0ODdjZTp7Il9hdXRoX3VzZXJfaGFzaCI6IjBhODhmZTA3YmVkMWIwZTYwZDY2ODhhMzZmMTc5ZmI0ZjM3MjU2YzgiLCJfYXV0aF91c2VyX2lkIjoiMSIsIl9hdXRoX3VzZXJfYmFja2VuZCI6ImRqYW5nby5jb250cmliLmF1dGguYmFja2VuZHMuTW9kZWxCYWNrZW5kIn0=", "expire_date": "2017-01-30T18:25:23.900Z"}}, {"model": "sessions.session", "pk": "8ogna10ef1fzjpahasw9bjnit70l1go4", "fields": {"session_data": "OGRmYWYzYzMwZDRhYjdkNTY1OGFiY2ZmZGYxYzkxNTYwMmQ4Y2NiZjp7Il9hdXRoX3VzZXJfaGFzaCI6Ijg1MjM4OTA0Mzc0NTQ5MzIwZjlhZDg2MjJlYmE3NGU1MmVjZjQxYzkiLCJfYXV0aF91c2VyX2JhY2tlbmQiOiJkamFuZ28uY29udHJpYi5hdXRoLmJhY2tlbmRzLk1vZGVsQmFja2VuZCIsIl9hdXRoX3VzZXJfaWQiOiIyIn0=", "expire_date": "2017-01-28T22:30:49.751Z"}}, {"model": "sessions.session", "pk": "a8nkppa9l5tg59qs0vqgzjx511as3igl", "fields": {"session_data": "ZjM5Nzc1NmUwZWVkMjMxNTNkMGE5M2QwMzdmZWJjN2RkNTc1YTUwZTp7Il9hdXRoX3VzZXJfYmFja2VuZCI6ImRqYW5nby5jb250cmliLmF1dGguYmFja2VuZHMuTW9kZWxCYWNrZW5kIiwiX2F1dGhfdXNlcl9pZCI6IjEiLCJfYXV0aF91c2VyX2hhc2giOiIxYWFkNDYxNThlMTBiNjI1Yjc1MjdhY2IyODU4MjBiZDY2Njc4ZDQ1In0=", "expire_date": "2017-02-21T20:58:36.465Z"}}, {"model": "sessions.session", "pk": "a95bqggogohrl7b8pbtlplrv8x3d8ycx", "fields": {"session_data": "OGRmYWYzYzMwZDRhYjdkNTY1OGFiY2ZmZGYxYzkxNTYwMmQ4Y2NiZjp7Il9hdXRoX3VzZXJfaGFzaCI6Ijg1MjM4OTA0Mzc0NTQ5MzIwZjlhZDg2MjJlYmE3NGU1MmVjZjQxYzkiLCJfYXV0aF91c2VyX2JhY2tlbmQiOiJkamFuZ28uY29udHJpYi5hdXRoLmJhY2tlbmRzLk1vZGVsQmFja2VuZCIsIl9hdXRoX3VzZXJfaWQiOiIyIn0=", "expire_date": "2017-01-17T21:40:42.317Z"}}, {"model": "sessions.session", "pk": "amg898w5baiq5kljazifnk0qljsutuyk", "fields": {"session_data": "MGY5NDlkZDhmNWU1NzllNTk0NDY0NTUxOTFlODRjMTg4NWE0Zjg0MTp7Il9hdXRoX3VzZXJfaWQiOiIxIiwiX2F1dGhfdXNlcl9oYXNoIjoiMWFhZDQ2MTU4ZTEwYjYyNWI3NTI3YWNiMjg1ODIwYmQ2NjY3OGQ0NSIsIl9hdXRoX3VzZXJfYmFja2VuZCI6ImRqYW5nby5jb250cmliLmF1dGguYmFja2VuZHMuTW9kZWxCYWNrZW5kIn0=", "expire_date": "2017-02-21T21:08:36.372Z"}}, {"model": "sessions.session", "pk": "avizaffk1g3jaxijeu6q5jvcvjb2le4b", "fields": {"session_data": "MzBmZTcwNjU2ODQ0ZDM3MjgxNjAyZDA5NDA3Y2Y5Yjk4Mzg4YmM2ZTp7Il9hdXRoX3VzZXJfaGFzaCI6IjlkODVjODg1Njk0ODBiYTE3ZTZhZDg1MWQxNjdmMGJjOWM3MzZiMzciLCJfYXV0aF91c2VyX2JhY2tlbmQiOiJkamFuZ28uY29udHJpYi5hdXRoLmJhY2tlbmRzLk1vZGVsQmFja2VuZCIsIl9hdXRoX3VzZXJfaWQiOiIxIn0=", "expire_date": "2017-01-06T16:28:23.275Z"}}, {"model": "sessions.session", "pk": "c90vng9q0fxf9iqtwk86thdns5vxkixf", "fields": {"session_data": "Nzg3YjU3ZjQxNGM1N2E3YzFjN2E3OWZiODhlMzZjMWRjOGI0ODdjZTp7Il9hdXRoX3VzZXJfaGFzaCI6IjBhODhmZTA3YmVkMWIwZTYwZDY2ODhhMzZmMTc5ZmI0ZjM3MjU2YzgiLCJfYXV0aF91c2VyX2lkIjoiMSIsIl9hdXRoX3VzZXJfYmFja2VuZCI6ImRqYW5nby5jb250cmliLmF1dGguYmFja2VuZHMuTW9kZWxCYWNrZW5kIn0=", "expire_date": "2017-01-30T18:12:28.849Z"}}, {"model": "sessions.session", "pk": "dby8mthdqelcdoo4hlwm43ribscekjjn", "fields": {"session_data": "ZjM5Nzc1NmUwZWVkMjMxNTNkMGE5M2QwMzdmZWJjN2RkNTc1YTUwZTp7Il9hdXRoX3VzZXJfYmFja2VuZCI6ImRqYW5nby5jb250cmliLmF1dGguYmFja2VuZHMuTW9kZWxCYWNrZW5kIiwiX2F1dGhfdXNlcl9pZCI6IjEiLCJfYXV0aF91c2VyX2hhc2giOiIxYWFkNDYxNThlMTBiNjI1Yjc1MjdhY2IyODU4MjBiZDY2Njc4ZDQ1In0=", "expire_date": "2017-02-20T18:31:51.222Z"}}, {"model": "sessions.session", "pk": "hb06qc0pkc765aqt3wu4bf68abs4bagp", "fields": {"session_data": "NTc0Y2Q3OTMxYzE1Zjc1ZGI1ZWUzNmUwZDE4ZGNiYTU0YmJlMTU0Nzp7Il9hdXRoX3VzZXJfYmFja2VuZCI6ImRqYW5nby5jb250cmliLmF1dGguYmFja2VuZHMuTW9kZWxCYWNrZW5kIiwiX2F1dGhfdXNlcl9oYXNoIjoiODUyMzg5MDQzNzQ1NDkzMjBmOWFkODYyMmViYTc0ZTUyZWNmNDFjOSIsIl9hdXRoX3VzZXJfaWQiOiIyIn0=", "expire_date": "2017-01-25T18:40:31.180Z"}}, {"model": "sessions.session", "pk": "jsw3ki9hynplgwrh61le30nwrk37h4cb", "fields": {"session_data": "MGY5NDlkZDhmNWU1NzllNTk0NDY0NTUxOTFlODRjMTg4NWE0Zjg0MTp7Il9hdXRoX3VzZXJfaWQiOiIxIiwiX2F1dGhfdXNlcl9oYXNoIjoiMWFhZDQ2MTU4ZTEwYjYyNWI3NTI3YWNiMjg1ODIwYmQ2NjY3OGQ0NSIsIl9hdXRoX3VzZXJfYmFja2VuZCI6ImRqYW5nby5jb250cmliLmF1dGguYmFja2VuZHMuTW9kZWxCYWNrZW5kIn0=", "expire_date": "2017-02-22T15:14:05.762Z"}}, {"model": "sessions.session", "pk": "kok21dj6tig5jvvbl0upyrdn321ckd8p", "fields": {"session_data": "MGY5NDlkZDhmNWU1NzllNTk0NDY0NTUxOTFlODRjMTg4NWE0Zjg0MTp7Il9hdXRoX3VzZXJfaWQiOiIxIiwiX2F1dGhfdXNlcl9oYXNoIjoiMWFhZDQ2MTU4ZTEwYjYyNWI3NTI3YWNiMjg1ODIwYmQ2NjY3OGQ0NSIsIl9hdXRoX3VzZXJfYmFja2VuZCI6ImRqYW5nby5jb250cmliLmF1dGguYmFja2VuZHMuTW9kZWxCYWNrZW5kIn0=", "expire_date": "2017-02-16T20:04:26.390Z"}}, {"model": "sessions.session", "pk": "n7h1d0dvtsjqmyf4i0m4pz3rho70twsa", "fields": {"session_data": "NjBjODZhZmMzZTE1MDc0MWU1NDI2ZDhmNjRkZGVlZGQ2NzBlNDdlZDp7Il9hdXRoX3VzZXJfYmFja2VuZCI6ImRqYW5nby5jb250cmliLmF1dGguYmFja2VuZHMuTW9kZWxCYWNrZW5kIiwiX2F1dGhfdXNlcl9oYXNoIjoiMWFhZDQ2MTU4ZTEwYjYyNWI3NTI3YWNiMjg1ODIwYmQ2NjY3OGQ0NSIsIl9hdXRoX3VzZXJfaWQiOiIxIn0=", "expire_date": "2017-02-22T22:30:57.524Z"}}, {"model": "sessions.session", "pk": "sq766ccv4mreeqyvezl7xopjlulxsdbf", "fields": {"session_data": "Nzg3YjU3ZjQxNGM1N2E3YzFjN2E3OWZiODhlMzZjMWRjOGI0ODdjZTp7Il9hdXRoX3VzZXJfaGFzaCI6IjBhODhmZTA3YmVkMWIwZTYwZDY2ODhhMzZmMTc5ZmI0ZjM3MjU2YzgiLCJfYXV0aF91c2VyX2lkIjoiMSIsIl9hdXRoX3VzZXJfYmFja2VuZCI6ImRqYW5nby5jb250cmliLmF1dGguYmFja2VuZHMuTW9kZWxCYWNrZW5kIn0=", "expire_date": "2017-01-30T17:07:23.209Z"}}, {"model": "sessions.session", "pk": "upf56dbtlwrrmj4qhchrddf9prghncfy", "fields": {"session_data": "NjBjODZhZmMzZTE1MDc0MWU1NDI2ZDhmNjRkZGVlZGQ2NzBlNDdlZDp7Il9hdXRoX3VzZXJfYmFja2VuZCI6ImRqYW5nby5jb250cmliLmF1dGguYmFja2VuZHMuTW9kZWxCYWNrZW5kIiwiX2F1dGhfdXNlcl9oYXNoIjoiMWFhZDQ2MTU4ZTEwYjYyNWI3NTI3YWNiMjg1ODIwYmQ2NjY3OGQ0NSIsIl9hdXRoX3VzZXJfaWQiOiIxIn0=", "expire_date": "2017-02-23T17:57:00.992Z"}}, {"model": "sessions.session", "pk": "wvdt0r54g0r4wa6b3qsxajq0s9htozf4", "fields": {"session_data": "MGY5NDlkZDhmNWU1NzllNTk0NDY0NTUxOTFlODRjMTg4NWE0Zjg0MTp7Il9hdXRoX3VzZXJfaWQiOiIxIiwiX2F1dGhfdXNlcl9oYXNoIjoiMWFhZDQ2MTU4ZTEwYjYyNWI3NTI3YWNiMjg1ODIwYmQ2NjY3OGQ0NSIsIl9hdXRoX3VzZXJfYmFja2VuZCI6ImRqYW5nby5jb250cmliLmF1dGguYmFja2VuZHMuTW9kZWxCYWNrZW5kIn0=", "expire_date": "2017-02-17T15:15:54.371Z"}}, {"model": "sessions.session", "pk": "wxczruwc5chgt6yw9n7br0r8comfauhr", "fields": {"session_data": "MGY5NDlkZDhmNWU1NzllNTk0NDY0NTUxOTFlODRjMTg4NWE0Zjg0MTp7Il9hdXRoX3VzZXJfaWQiOiIxIiwiX2F1dGhfdXNlcl9oYXNoIjoiMWFhZDQ2MTU4ZTEwYjYyNWI3NTI3YWNiMjg1ODIwYmQ2NjY3OGQ0NSIsIl9hdXRoX3VzZXJfYmFja2VuZCI6ImRqYW5nby5jb250cmliLmF1dGguYmFja2VuZHMuTW9kZWxCYWNrZW5kIn0=", "expire_date": "2017-02-13T17:13:42.947Z"}}, {"model": "sessions.session", "pk": "y0ttut27cx5si9hhp6ez77m2bts8ta98", "fields": {"session_data": "NDYwY2U1YTJhNDE1MjA2MTY3N2E3NjFkNzkxNzBhOTcyMjY3ZDY3ZTp7Il9hdXRoX3VzZXJfaWQiOiIxIiwiX2F1dGhfdXNlcl9oYXNoIjoiMGE4OGZlMDdiZWQxYjBlNjBkNjY4OGEzNmYxNzlmYjRmMzcyNTZjOCIsIl9hdXRoX3VzZXJfYmFja2VuZCI6ImRqYW5nby5jb250cmliLmF1dGguYmFja2VuZHMuTW9kZWxCYWNrZW5kIn0=", "expire_date": "2017-01-31T17:29:47.536Z"}}, {"model": "sessions.session", "pk": "y3lmi2qyl7h6yaou9syhkfn6mnx0kbra", "fields": {"session_data": "NjBjODZhZmMzZTE1MDc0MWU1NDI2ZDhmNjRkZGVlZGQ2NzBlNDdlZDp7Il9hdXRoX3VzZXJfYmFja2VuZCI6ImRqYW5nby5jb250cmliLmF1dGguYmFja2VuZHMuTW9kZWxCYWNrZW5kIiwiX2F1dGhfdXNlcl9oYXNoIjoiMWFhZDQ2MTU4ZTEwYjYyNWI3NTI3YWNiMjg1ODIwYmQ2NjY3OGQ0NSIsIl9hdXRoX3VzZXJfaWQiOiIxIn0=", "expire_date": "2017-02-23T14:36:16.272Z"}}, {"model": "sessions.session", "pk": "ysd65gyic4gr681hcb2hnem7ikxt8ti8", "fields": {"session_data": "ZGY3Y2MzMmYzNGNiY2I4MTUxMTI3NWE4YTI5YzExMzQ1OGQ3NmI5NTp7Il9hdXRoX3VzZXJfaGFzaCI6IjE2OGY0MTYyMGRkYTAyMWFiZjA4YjRkMjM0NzU4YWI3MmEwMzk2YTEiLCJfYXV0aF91c2VyX2lkIjoiMyIsIl9hdXRoX3VzZXJfYmFja2VuZCI6ImRqYW5nby5jb250cmliLmF1dGguYmFja2VuZHMuTW9kZWxCYWNrZW5kIn0=", "expire_date": "2017-02-21T20:55:32.963Z"}}, {"model": "admin.logentry", "pk": 109, "fields": {"action_time": "2017-02-09T18:02:35.431Z", "user": 1, "content_type": 28, "object_id": "fe2b09a0-3a60-42c9-97e2-d33e58215700", "object_repr": "Activation object", "action_flag": 3, "change_message": ""}}, {"model": "admin.logentry", "pk": 110, "fields": {"action_time": "2017-02-09T18:03:48.376Z", "user": 1, "content_type": 36, "object_id": "17", "object_repr": "ToolInfo object", "action_flag": 2, "change_message": "[{\"changed\": {\"fields\": [\"image_description\"]}}]"}}, {"model": "admin.logentry", "pk": 111, "fields": {"action_time": "2017-02-09T18:04:57.657Z", "user": 1, "content_type": 36, "object_id": "16", "object_repr": "ToolInfo object", "action_flag": 2, "change_message": "[{\"changed\": {\"fields\": [\"image_description\"]}}]"}}, {"model": "admin.logentry", "pk": 112, "fields": {"action_time": "2017-02-09T18:05:57.533Z", "user": 1, "content_type": 36, "object_id": "15", "object_repr": "ToolInfo object", "action_flag": 2, "change_message": "[{\"changed\": {\"fields\": [\"image_description\"]}}]"}}, {"model": "admin.logentry", "pk": 113, "fields": {"action_time": "2017-02-09T18:06:37.517Z", "user": 1, "content_type": 36, "object_id": "13", "object_repr": "ToolInfo object", "action_flag": 2, "change_message": "[{\"changed\": {\"fields\": [\"image_description\"]}}]"}}, {"model": "admin.logentry", "pk": 114, "fields": {"action_time": "2017-02-09T18:07:09.843Z", "user": 1, "content_type": 36, "object_id": "12", "object_repr": "ToolInfo object", "action_flag": 2, "change_message": "[{\"changed\": {\"fields\": [\"image_description\"]}}]"}}, {"model": "admin.logentry", "pk": 115, "fields": {"action_time": "2017-02-09T18:08:09.674Z", "user": 1, "content_type": 36, "object_id": "11", "object_repr": "ToolInfo object", "action_flag": 2, "change_message": "[{\"changed\": {\"fields\": [\"image_description\"]}}]"}}, {"model": "admin.logentry", "pk": 116, "fields": {"action_time": "2017-02-09T18:09:13.693Z", "user": 1, "content_type": 36, "object_id": "10", "object_repr": "ToolInfo object", "action_flag": 2, "change_message": "[{\"changed\": {\"fields\": [\"image_description\"]}}]"}}, {"model": "admin.logentry", "pk": 117, "fields": {"action_time": "2017-02-09T18:10:08.814Z", "user": 1, "content_type": 36, "object_id": "9", "object_repr": "ToolInfo object", "action_flag": 2, "change_message": "[{\"changed\": {\"fields\": [\"image_description\"]}}]"}}, {"model": "admin.logentry", "pk": 118, "fields": {"action_time": "2017-02-09T18:10:22.380Z", "user": 1, "content_type": 36, "object_id": "8", "object_repr": "ToolInfo object", "action_flag": 2, "change_message": "[]"}}, {"model": "admin.logentry", "pk": 119, "fields": {"action_time": "2017-02-09T18:10:48.460Z", "user": 1, "content_type": 36, "object_id": "7", "object_repr": "ToolInfo object", "action_flag": 2, "change_message": "[{\"changed\": {\"fields\": [\"image_description\"]}}]"}}, {"model": "admin.logentry", "pk": 120, "fields": {"action_time": "2017-02-09T18:11:44.610Z", "user": 1, "content_type": 36, "object_id": "6", "object_repr": "ToolInfo object", "action_flag": 2, "change_message": "[{\"changed\": {\"fields\": [\"image_description\"]}}]"}}, {"model": "admin.logentry", "pk": 121, "fields": {"action_time": "2017-02-09T18:13:32.009Z", "user": 1, "content_type": 36, "object_id": "5", "object_repr": "ToolInfo object", "action_flag": 2, "change_message": "[{\"changed\": {\"fields\": [\"image_description\"]}}]"}}, {"model": "admin.logentry", "pk": 122, "fields": {"action_time": "2017-02-09T18:14:48.019Z", "user": 1, "content_type": 36, "object_id": "4", "object_repr": "ToolInfo object", "action_flag": 2, "change_message": "[{\"changed\": {\"fields\": [\"image_description\"]}}]"}}, {"model": "admin.logentry", "pk": 123, "fields": {"action_time": "2017-02-09T18:15:27.050Z", "user": 1, "content_type": 36, "object_id": "3", "object_repr": "ToolInfo object", "action_flag": 2, "change_message": "[{\"changed\": {\"fields\": [\"image_description\"]}}]"}}, {"model": "admin.logentry", "pk": 124, "fields": {"action_time": "2017-02-09T18:16:09.555Z", "user": 1, "content_type": 36, "object_id": "2", "object_repr": "ToolInfo object", "action_flag": 2, "change_message": "[{\"changed\": {\"fields\": [\"image_description\"]}}]"}}, {"model": "admin.logentry", "pk": 125, "fields": {"action_time": "2017-02-09T18:16:33.203Z", "user": 1, "content_type": 36, "object_id": "1", "object_repr": "ToolInfo object", "action_flag": 2, "change_message": "[{\"changed\": {\"fields\": [\"image_description\"]}}]"}}]