[{
    "model": "data_cube_ui.satellite",
    "pk": 1,
    "fields": {
        "satellite_id": "LANDSAT_7",
        "satellite_name": "Landsat 7",
        "product_prefix": "ls7_ledaps_",
        "date_min": "1999-04-15",
        "date_max": "2016-12-26"
    }
}, {
    "model": "data_cube_ui.satellite",
    "pk": 2,
    "fields": {
        "satellite_id": "LANDSAT_8",
        "satellite_name": "Landsat 8",
        "product_prefix": "ls8_ledaps_",
        "date_min": "2013-02-11",
        "date_max": "2016-12-26"
    }
}, {
    "model": "data_cube_ui.satellite",
    "pk": 3,
    "fields": {
        "satellite_id": "LANDSAT_5",
        "satellite_name": "Landsat 5",
        "product_prefix": "ls5_ledaps_",
        "date_min": "1984-03-01",
        "date_max": "1999-02-08"
    }
}, {
    "model": "data_cube_ui.satellite",
    "pk": 4,
    "fields": {
        "satellite_id": "LANDSAT_ALL",
        "satellite_name": "Landsat 5/7/8",
        "product_prefix": "all",
        "date_min": "1984-03-01",
        "date_max": "2016-12-26"
    }
}, {
    "model": "data_cube_ui.satellite",
    "pk": 5,
    "fields": {
        "satellite_id": "SENTINEL_1A",
        "satellite_name": "Sentinel-1A",
        "product_prefix": "s1a_gamma0_",
        "date_min": "2015-01-01",
        "date_max": "2017-03-16"
    }
}, {
    "model": "data_cube_ui.area",
    "pk": 1,
    "fields": {
        "area_id": "lake_baringo",
        "area_name": "Lake Baringo",
        "latitude_min": 0.5,
        "latitude_max": 0.75,
        "longitude_min": 36.0,
        "longitude_max": 36.25,
        "main_imagery": "/static/assets/images/black.png",
        "detail_imagery": "/static/assets/images/35.5,0,37,1.5.png",
        "thumbnail_imagery": "/static/assets/images/thumbnails/area_thumbnails/lake_baringo_thumbnail_34E_37E_1S_1N.png",
        "detail_latitude_min": 0.0,
        "detail_latitude_max": 1.5,
        "detail_longitude_min": 35.5,
        "detail_longitude_max": 37.0,
        "satellites": [1]
    }
}, {
    "model": "data_cube_ui.area",
    "pk": 2,
    "fields": {
        "area_id": "lake_chad",
        "area_name": "Lake Chad",
        "latitude_min": 12.75,
        "latitude_max": 13.0,
        "longitude_min": 14.25,
        "longitude_max": 14.5,
        "main_imagery": "/static/assets/images/black.png",
        "detail_imagery": "/static/assets/images/13.75,12.25,15,13.5.png",
        "thumbnail_imagery": "/static/assets/images/thumbnails/area_thumbnails/lake_chad_thumbail_14E_15E_12N_13N.png",
        "detail_latitude_min": 12.25,
        "detail_latitude_max": 13.5,
        "detail_longitude_min": 13.75,
        "detail_longitude_max": 15.0,
        "satellites": [1]
    }
}, {
    "model": "data_cube_ui.area",
    "pk": 3,
    "fields": {
        "area_id": "kenya",
        "area_name": "Kenya Micro Cube",
        "latitude_min": -1.0,
        "latitude_max": 1.0,
        "longitude_min": 34.0,
        "longitude_max": 37.0,
        "main_imagery": "/static/assets/images/black.png",
        "detail_imagery": "/static/assets/images/34,-1.5,37,1.5.png",
        "thumbnail_imagery": "/static/assets/images/thumbnails/area_thumbnails/kenya_micro_cube_32E_39E_3_5S_3_5N.png",
        "detail_latitude_min": -1.5,
        "detail_latitude_max": 1.5,
        "detail_longitude_min": 34.0,
        "detail_longitude_max": 37.0,
        "satellites": [1]
    }
}, {
    "model": "data_cube_ui.area",
    "pk": 4,
    "fields": {
        "area_id": "colombia",
        "area_name": "Colombia Micro Cube",
        "latitude_min": -1.0,
        "latitude_max": 2.5,
        "longitude_min": -77.2,
        "longitude_max": -73.7,
        "main_imagery": "/static/assets/images/black.png",
        "detail_imagery": "/static/assets/images/colombia_main.png",
        "thumbnail_imagery": "/static/assets/images/thumbnails/area_thumbnails/colombia_thumbnail_78W_71W_2S_4N.png",
        "detail_latitude_min": -1.0,
        "detail_latitude_max": 2.5,
        "detail_longitude_min": -77.2,
        "detail_longitude_max": -73.7,
        "satellites": [1]
    }
}, {
    "model": "data_cube_ui.area",
    "pk": 5,
    "fields": {
        "area_id": "meta_river",
        "area_name": "Meta River",
        "latitude_min": 4.0,
        "latitude_max": 5.0,
        "longitude_min": -72.0,
        "longitude_max": -71.0,
        "main_imagery": "/static/assets/images/black.png",
        "detail_imagery": "/static/assets/images/-72,4-71,5.png",
        "thumbnail_imagery": "/static/assets/images/thumbnails/area_thumbnails/meta_river_thumbnail_75W_67W_0_5N_8_5N.png",
        "detail_latitude_min": 4.0,
        "detail_latitude_max": 5.0,
        "detail_longitude_min": -72.0,
        "detail_longitude_max": -71.0,
        "satellites": [1, 2, 3, 4]
    }
}, {
    "model": "data_cube_ui.area",
    "pk": 6,
    "fields": {
        "area_id": "tonga",
        "area_name": "Tonga",
        "latitude_min": -23.0,
        "latitude_max": -20.0,
        "longitude_min": -177.375,
        "longitude_max": -174.375,
        "main_imagery": "/static/assets/images/black.png",
        "detail_imagery": "/static/assets/images/tonga_main.png",
        "thumbnail_imagery": "/static/assets/images/thumbnails/area_thumbnails/tonga_thumbnail_177W_174W_23S_20S.png",
        "detail_latitude_min": -23.0,
        "detail_latitude_max": -20.0,
        "detail_longitude_min": -177.375,
        "detail_longitude_max": -174.375,
        "satellites": [1]
    }
}, {
    "model": "data_cube_ui.area",
    "pk": 7,
    "fields": {
        "area_id": "togo",
        "area_name": "Togo",
        "latitude_min": 4.25,
        "latitude_max": 7.25,
        "longitude_min": 0.0,
        "longitude_max": 3.0,
        "main_imagery": "/static/assets/images/black.png",
        "detail_imagery": "/static/assets/images/togo_main.png",
        "thumbnail_imagery": "/static/assets/images/thumbnails/area_thumbnails/togo_thumbnail_1W_4E_3N_8N.png",
        "detail_latitude_min": 4.25,
        "detail_latitude_max": 7.25,
        "detail_longitude_min": 0.0,
        "detail_longitude_max": 3.0,
        "satellites": [1]
    }
}, {
    "model": "data_cube_ui.area",
    "pk": 8,
    "fields": {
        "area_id": "amazon_river",
        "area_name": "Amazon River",
        "latitude_min": -4.5,
        "latitude_max": -2.0,
        "longitude_min": -71.5,
        "longitude_max": -69.0,
        "main_imagery": "/static/assets/images/black.png",
        "detail_imagery": "/static/assets/images/amazon_river_main.png",
        "thumbnail_imagery": "/static/assets/images/thumbnails/area_thumbnails/amazon_river_thumbnail_74W_66W_7S_1N.png",
        "detail_latitude_min": -4.5,
        "detail_latitude_max": -2.0,
        "detail_longitude_min": -71.5,
        "detail_longitude_max": -69.0,
        "satellites": [1]
    }
}, {
    "model": "data_cube_ui.area",
    "pk": 9,
    "fields": {
        "area_id": "lake_chad_full",
        "area_name": "Full Lake Chad",
        "latitude_min": 12.125,
        "latitude_max": 13.975,
        "longitude_min": 13.65,
        "longitude_max": 15.5,
        "main_imagery": "/static/assets/images/black.png",
        "detail_imagery": "/static/assets/images/lake_chad_main.png",
        "thumbnail_imagery": "/static/assets/images/thumbnails/area_thumbnails/lake_chad_full_thumbnail_0_1E_35N_37N.png",
        "detail_latitude_min": 12.125,
        "detail_latitude_max": 13.975,
        "detail_longitude_min": 13.65,
        "detail_longitude_max": 15.5,
        "satellites": [1, 2, 3, 4]
    }
}, {
    "model": "data_cube_ui.area",
    "pk": 10,
    "fields": {
        "area_id": "salgar_colombia",
        "area_name": "Salgar, Colombia",
        "latitude_min": 5.9,
        "latitude_max": 6.0,
        "longitude_min": -75.925,
        "longitude_max": -75.825,
        "main_imagery": "/static/assets/images/black.png",
        "detail_imagery": "/static/assets/images/salgar_colombia_main.png",
        "thumbnail_imagery": "/static/assets/images/thumbnails/area_thumbnails/colombia_thumbnail_78W_71W_2S_4N.png",
        "detail_latitude_min": 5.9,
        "detail_latitude_max": 6.0,
        "detail_longitude_min": -75.925,
        "detail_longitude_max": -75.825,
        "satellites": [1]
    }
}, {
    "model": "data_cube_ui.area",
    "pk": 11,
    "fields": {
        "area_id": "vietnam",
        "area_name": "Vietnam",
        "latitude_min": 10.6,
        "latitude_max": 12.62,
        "longitude_min": 106.75,
        "longitude_max": 109.0,
        "main_imagery": "/static/assets/images/black.png",
        "detail_imagery": "/static/assets/images/vietnam_main_106.5_10.3_109_12.8.png",
        "thumbnail_imagery": "/static/assets/images/thumbnails/area_thumbnails/vietnam_thumbnail_105E_110E_9N_14N.png",
        "detail_latitude_min": 10.3,
        "detail_latitude_max": 12.8,
        "detail_longitude_min": 106.5,
        "detail_longitude_max": 109.0,
        "satellites": [1, 2]
    }
}, {
    "model": "data_cube_ui.area",
    "pk": 12,
    "fields": {
        "area_id": "menindee_lakes",
        "area_name": "Menindee Lakes",
        "latitude_min": -33.25,
        "latitude_max": -31.24,
        "longitude_min": 141.8,
        "longitude_max": 143.1,
        "main_imagery": "/static/assets/images/black.png",
        "detail_imagery": "/static/assets/images/meninee_lakes_main_141.25_-33.5_143.75_-31.png",
        "thumbnail_imagery": "/static/assets/images/thumbnails/area_thumbnails/meninee_lakes_thumbnail_140.25E_144.25E_33.5S_30S.png",
        "detail_latitude_min": -33.5,
        "detail_latitude_max": -31.0,
        "detail_longitude_min": 141.25,
        "detail_longitude_max": 143.75,
        "satellites": [1]
    }
}, {
    "model": "data_cube_ui.area",
    "pk": 13,
    "fields": {
        "area_id": "bangladesh",
        "area_name": "Bangladesh",
        "latitude_min": 23.5,
        "latitude_max": 25.6,
        "longitude_min": 89.25,
        "longitude_max": 92.0,
        "main_imagery": "/static/assets/images/black.png",
        "detail_imagery": "/static/assets/images/bangladesh_main_89_22.925_92.25_26.175.png",
        "thumbnail_imagery": "/static/assets/images/thumbnails/area_thumbnails/bangladesh_thumbnail_88E_93E_22N27N.png",
        "detail_latitude_min": 22.925,
        "detail_latitude_max": 26.175,
        "detail_longitude_min": 89.0,
        "detail_longitude_max": 92.25,
        "satellites": [1, 3]
    }
}, {
    "model": "data_cube_ui.area",
    "pk": 14,
    "fields": {
        "area_id": "lake_cortijo",
        "area_name": "Lake Cortijo",
        "latitude_min": 3.3,
        "latitude_max": 5.3,
        "longitude_min": -75.75,
        "longitude_max": -73.3,
        "main_imagery": "/static/assets/images/black.png",
        "detail_imagery": "/static/assets/images/cortijo_main_-76_2.75_-73_5.75.png",
        "thumbnail_imagery": "/static/assets/images/thumbnails/area_thumbnails/cortijo_thumbnail_-77W_-72W_1.5N_6.5N.png",
        "detail_latitude_min": 2.75,
        "detail_latitude_max": 5.75,
        "detail_longitude_min": -76.0,
        "detail_longitude_max": -73.0,
        "satellites": [1]
    }
}, {
    "model": "data_cube_ui.compositor",
    "pk": 1,
    "fields": {
        "compositor_id": "most_recent",
        "compositor_name": "Most Recent Pixel"
    }
}, {
    "model": "data_cube_ui.compositor",
    "pk": 2,
    "fields": {
        "compositor_id": "least_recent",
        "compositor_name": "Least Recent Pixel"
    }
}, {
    "model": "data_cube_ui.compositor",
    "pk": 3,
    "fields": {
        "compositor_id": "max_ndvi",
        "compositor_name": "Max NDVI Pixel"
    }
}, {
    "model": "data_cube_ui.compositor",
    "pk": 4,
    "fields": {
        "compositor_id": "min_ndvi",
        "compositor_name": "Min NDVI Pixel"
    }
}, {
    "model": "data_cube_ui.compositor",
    "pk": 5,
    "fields": {
        "compositor_id": "median_pixel",
        "compositor_name": "Median Pixel"
    }
}, {
    "model": "data_cube_ui.baseline",
    "pk": 1,
    "fields": {
        "baseline_id": "average",
        "baseline_name": "Average"
    }
}, {
    "model": "data_cube_ui.baseline",
    "pk": 2,
    "fields": {
        "baseline_id": "composite",
        "baseline_name": "Composite"
    }
}, {
    "model": "data_cube_ui.animationtype",
    "pk": 1,
    "fields": {
        "type_id": "None",
        "app_name": "all",
        "type_name": "None",
        "data_variable": "None",
        "band_number": "None"
    }
}, {
    "model": "data_cube_ui.animationtype",
    "pk": 2,
    "fields": {
        "type_id": "scene",
        "app_name": "all",
        "type_name": "Scene",
        "data_variable": "wofs_data",
        "band_number": "1"
    }
}, {
    "model": "data_cube_ui.animationtype",
    "pk": 3,
    "fields": {
        "type_id": "cumulative_acquisitions",
        "app_name": "water_detection",
        "type_name": "Cumulative Acquisitions",
        "data_variable": "water_analysis",
        "band_number": "3"
    }
}, {
    "model": "data_cube_ui.animationtype",
    "pk": 4,
    "fields": {
        "type_id": "cumulative_observations",
        "app_name": "water_detection",
        "type_name": "Cumulative Observations",
        "data_variable": "water_analysis",
        "band_number": "2"
    }
}, {
    "model": "data_cube_ui.animationtype",
    "pk": 5,
    "fields": {
        "type_id": "cumulative_percentages",
        "app_name": "water_detection",
        "type_name": "Cumulative Percentages",
        "data_variable": "water_analysis",
        "band_number": "1"
    }
}, {
    "model": "data_cube_ui.animationtype",
    "pk": 6,
    "fields": {
        "type_id": "cumulative",
        "app_name": "custom_mosaic_tool",
        "type_name": "Cumulative",
        "data_variable": "composite",
        "band_number": "composite"
    }
}, {
    "model": "data_cube_ui.animationtype",
    "pk": 7,
    "fields": {
        "type_id": "cumulative_average",
        "app_name": "tsm",
        "type_name": "Cumulative Average",
        "data_variable": "water_analysis",
        "band_number": "1"
    }
}, {
    "model": "data_cube_ui.animationtype",
    "pk": 8,
    "fields": {
        "type_id": "coastal_change",
        "app_name": "coastal_change",
        "type_name": "Coastal Change",
        "data_variable": "coastal_change",
        "band_number": "0"
    }
}, {
    "model": "data_cube_ui.animationtype",
    "pk": 9,
    "fields": {
        "type_id": "coastline_change",
        "app_name": "coastal_change",
        "type_name": "Coastline Change",
        "data_variable": "coastline_change",
        "band_number": "0"
    }
}, {
    "model": "data_cube_ui.application",
    "pk": 1,
    "fields": {
        "application_id": "custom_mosaic_tool",
        "application_name": "Custom Mosaic",
        "color_scale": "",
        "areas": [1, 2, 3, 4, 5, 6, 7, 8, 9, 10, 11, 12, 13, 14],
        "satellites": [1, 2, 3, 4]
    }
}, {
    "model": "data_cube_ui.application",
    "pk": 2,
    "fields": {
        "application_id": "water_detection",
        "application_name": "Water Detection",
        "color_scale": "/static/assets/images/color_scales/water_detection_color_scale.png",
        "areas": [1, 2, 5, 6, 7, 8, 9],
        "satellites": [1, 2, 3, 4]
    }
}, {
    "model": "data_cube_ui.application",
    "pk": 3,
    "fields": {
        "application_id": "tsm",
        "application_name": "Water Quality TSM",
        "color_scale": "/static/assets/images/color_scales/tsm_color_scale.png",
        "areas": [1, 2, 9],
        "satellites": [1, 2, 3, 4]
    }
}, {
    "model": "data_cube_ui.application",
    "pk": 4,
    "fields": {
        "application_id": "fractional_cover",
        "application_name": "Fractional Cover",
        "color_scale": "/static/assets/images/color_scales/fractional_cover_color_scale.png",
        "areas": [3, 4, 5, 6, 7, 8, 9],
        "satellites": [1, 2, 3]
    }
}, {
    "model": "data_cube_ui.application",
    "pk": 5,
    "fields": {
        "application_id": "slip",
        "application_name": "Landslide SLIP",
        "color_scale": "",
        "areas": [10],
        "satellites": [1]
    }
}, {
    "model": "data_cube_ui.application",
    "pk": 6,
    "fields": {
        "application_id": "ndvi_anomaly",
        "application_name": "NDVI Anomaly",
        "color_scale": "/static/assets/images/color_scales/ndvi_color_scale.png",
        "areas": [1, 2, 3, 4, 5, 9, 10],
        "satellites": [1, 2, 3]
    }
}, {
    "model": "data_cube_ui.application",
    "pk": 7,
    "fields": {
        "application_id": "coastal_change",
        "application_name": "Coastal Change",
        "color_scale": "/static/assets/images/color_scales/coastal_change_color_scale.png",
        "areas": [6, 7],
        "satellites": [1]
    }
}, {
    "model": "data_cube_ui.toolinfo",
    "pk": 1,
    "fields": {
        "image_path": "/static/assets/images/thumbnails/custom_mosaic_tool_1.png",
        "image_title": "True Color Mosaics",
        "image_description": "The Custom Mosaic Tool allows users to create detailed true or false color images of given areas using optical data from various Landsat satellites.",
        "application": 1
    }
}, {
    "model": "data_cube_ui.toolinfo",
    "pk": 2,
    "fields": {
        "image_path": "/static/assets/images/thumbnails/custom_mosaic_tool_2.png",
        "image_title": "Pixel Preference",
        "image_description": "Choose how the 'best' pixel will be chosen: Most recent, least recent, median, or min/max NDVI value pixel.",
        "application": 1
    }
}, {
    "model": "data_cube_ui.toolinfo",
    "pk": 3,
    "fields": {
        "image_path": "/static/assets/images/thumbnails/custom_mosaic_tool_3.png",
        "image_title": "Time Series",
        "image_description": "Run powerful time series analyses that composites a series of acquisitions to produce a single image.",
        "application": 1
    }
}, {
    "model": "data_cube_ui.toolinfo",
    "pk": 4,
    "fields": {
        "image_path": "/static/assets/images/thumbnails/fractional_cover_1.png",
        "image_title": "Fractional Coverage",
        "image_description": "The Fractional Coverage tool allows users to create a three band output product used to visualize the sub pixel composition of selected areas. Pixels are classified as a percentage of photosynthetic vegetation, non-photosynthetic vegetation, and bare soil.",
        "application": 4
    }
}, {
    "model": "data_cube_ui.toolinfo",
    "pk": 5,
    "fields": {
        "image_path": "/static/assets/images/thumbnails/fractional_cover_2.png",
        "image_title": "Pixel Preference",
        "image_description": "Pick a compositing algorithm (most recent, least recent, median, min/max NDVI pixel) that will produce the desired mosaic for the fractional cover application.",
        "application": 4
    }
}, {
    "model": "data_cube_ui.toolinfo",
    "pk": 6,
    "fields": {
        "image_path": "/static/assets/images/thumbnails/fractional_cover_3.png",
        "image_title": "Downloads",
        "image_description": "All products (both data and images) are available for download in various formats, including GeoTIFF, NetCDF, and PNG.",
        "application": 4
    }
}, {
    "model": "data_cube_ui.toolinfo",
    "pk": 7,
    "fields": {
        "image_path": "/static/assets/images/thumbnails/slip_1.png",
        "image_title": "Landslide Detection",
        "image_description": "The SLIP tools uses algorithms to combine optical and elevation data to determine possible locations for recent landslides",
        "application": 5
    }
}, {
    "model": "data_cube_ui.toolinfo",
    "pk": 8,
    "fields": {
        "image_path": "/static/assets/images/thumbnails/slip_2.png",
        "image_title": "Threshold Control",
        "image_description": "Set the baseline thresholds to expand or narrow results of possible landslide data.",
        "application": 5
    }
}, {
    "model": "data_cube_ui.toolinfo",
    "pk": 9,
    "fields": {
        "image_path": "/static/assets/images/thumbnails/ndvi_anomaly_1.png",
        "image_title": "NDVI Anomaly",
        "image_description": "The NDVI Anomaly tool allows users to calculate and visualize the NDVI change between a single scene and a user defined baseline composite of scenes preceding it.",
        "application": 6
    }
}, {
    "model": "data_cube_ui.toolinfo",
    "pk": 10,
    "fields": {
        "image_path": "/static/assets/images/thumbnails/ndvi_anomaly_2.png",
        "image_title": "Baselines for Seasons",
        "image_description": "Define a custom baseline of specific months to create seasonal baselines unique to your region.",
        "application": 6
    }
}, {
    "model": "data_cube_ui.toolinfo",
    "pk": 11,
    "fields": {
        "image_path": "/static/assets/images/thumbnails/ndvi_anomaly_3.png",
        "image_title": "Specific Scene Selection",
        "image_description": "Pick a specific acquisition date for analysis and calculate the difference and percentage change from a composite of all acquisitions prior to that date.",
        "application": 6
    }
}, {
    "model": "data_cube_ui.toolinfo",
    "pk": 12,
    "fields": {
        "image_path": "/static/assets/images/thumbnails/water_detection_1.png",
        "image_title": "Water Detection",
        "image_description": "The Water Detection tool allows users to determine a per pixel analysis of water vs not-water for a given scene over many acquisitions.",
        "application": 2
    }
}, {
    "model": "data_cube_ui.toolinfo",
    "pk": 13,
    "fields": {
        "image_path": "/static/assets/images/thumbnails/water_detection_2.png",
        "image_title": "Time Series Analysis",
        "image_description": "Run analyses over time producing outputs visualizing cumulative acquisitions, water observations, and water percentages.",
        "application": 2
    }
}, {
    "model": "data_cube_ui.toolinfo",
    "pk": 14,
    "fields": {
        "image_path": "/static/assets/images/thumbnails/water_detection_3.png",
        "image_title": "Animated Images",
        "image_description": "Create animated GIFs of water levels over time to show trends of increasing or decreasing water levels.",
        "application": 2
    }
}, {
    "model": "data_cube_ui.toolinfo",
    "pk": 15,
    "fields": {
        "image_path": "/static/assets/images/thumbnails/tsm_1.png",
        "image_title": "Total Suspended Matter",
        "image_description": "The TSM tool allows users to run an algorithm to determine the average amount of suspended matter in a given area.",
        "application": 3
    }
}, {
    "model": "data_cube_ui.toolinfo",
    "pk": 16,
    "fields": {
        "image_path": "/static/assets/images/thumbnails/tsm_2.png",
        "image_title": "Time Series Analysis",
        "image_description": "Run analyses over a given time period and geographic area to produce a single cumulative product from multiple time slices.",
        "application": 3
    }
}, {
    "model": "data_cube_ui.toolinfo",
    "pk": 17,
    "fields": {
        "image_path": "/static/assets/images/thumbnails/tsm_3.png",
        "image_title": "Animated Images",
        "image_description": "Create animated GIFs of TSM values over time to show trends of increasing or decreasing suspended matter.",
        "application": 3
    }
}, {
    "model": "dc_algorithm.satellite",
    "pk": 1,
    "fields": {
        "datacube_platform": "LANDSAT_7",
        "name": "Landsat 7",
        "product_prefix": "ls7_ledaps_",
        "date_min": "1999-04-15",
        "date_max": "2016-12-26"
    }
}, {
    "model": "dc_algorithm.satellite",
    "pk": 2,
    "fields": {
        "datacube_platform": "LANDSAT_8",
        "name": "Landsat 8",
        "product_prefix": "ls8_ledaps_",
        "date_min": "2013-02-11",
        "date_max": "2016-12-26"
    }
}, {
    "model": "dc_algorithm.satellite",
    "pk": 3,
    "fields": {
        "datacube_platform": "LANDSAT_5",
        "name": "Landsat 5",
        "product_prefix": "ls5_ledaps_",
        "date_min": "1984-03-01",
        "date_max": "1999-02-08"
    }
}, {
    "model": "dc_algorithm.satellite",
    "pk": 4,
    "fields": {
        "datacube_platform": "LANDSAT_ALL",
        "name": "Landsat 5/7/8",
        "product_prefix": "all",
        "date_min": "1984-03-01",
        "date_max": "2016-12-26"
    }
}, {
    "model": "dc_algorithm.satellite",
    "pk": 5,
    "fields": {
        "datacube_platform": "SENTINEL_1A",
        "name": "Sentinel-1A",
        "product_prefix": "s1a_gamma0_",
        "date_min": "2015-01-01",
        "date_max": "2017-03-16"
    }
}, {
    "model": "dc_algorithm.area",
    "pk": "amazon_river",
    "fields": {
        "name": "Amazon River",
        "latitude_min": -4.5,
        "latitude_max": -2.0,
        "longitude_min": -71.5,
        "longitude_max": -69.0,
        "main_imagery": "/static/assets/images/black.png",
        "detail_imagery": "/static/assets/images/amazon_river_main.png",
        "thumbnail_imagery": "/static/assets/images/thumbnails/area_thumbnails/amazon_river_thumbnail_74W_66W_7S_1N.png",
        "detail_latitude_min": -4.5,
        "detail_latitude_max": -2.0,
        "detail_longitude_min": -71.5,
        "detail_longitude_max": -69.0,
        "satellites": [1]
    }
}, {
    "model": "dc_algorithm.area",
    "pk": "bangladesh",
    "fields": {
        "name": "Bangladesh",
        "latitude_min": 23.5,
        "latitude_max": 25.6,
        "longitude_min": 89.25,
        "longitude_max": 92.0,
        "main_imagery": "/static/assets/images/black.png",
        "detail_imagery": "/static/assets/images/bangladesh_main_89_22.925_92.25_26.175.png",
        "thumbnail_imagery": "/static/assets/images/thumbnails/area_thumbnails/bangladesh_thumbnail_88E_93E_22N27N.png",
        "detail_latitude_min": 22.925,
        "detail_latitude_max": 26.175,
        "detail_longitude_min": 89.0,
        "detail_longitude_max": 92.25,
        "satellites": [1, 3]
    }
}, {
    "model": "dc_algorithm.area",
    "pk": "colombia",
    "fields": {
        "name": "Colombia Micro Cube",
        "latitude_min": -1.0,
        "latitude_max": 2.5,
        "longitude_min": -77.2,
        "longitude_max": -73.7,
        "main_imagery": "/static/assets/images/black.png",
        "detail_imagery": "/static/assets/images/colombia_main.png",
        "thumbnail_imagery": "/static/assets/images/thumbnails/area_thumbnails/colombia_thumbnail_78W_71W_2S_4N.png",
        "detail_latitude_min": -1.0,
        "detail_latitude_max": 2.5,
        "detail_longitude_min": -77.2,
        "detail_longitude_max": -73.7,
        "satellites": [1]
    }
}, {
    "model": "dc_algorithm.area",
    "pk": "kenya",
    "fields": {
        "name": "Kenya Micro Cube",
        "latitude_min": -1.0,
        "latitude_max": 1.0,
        "longitude_min": 34.0,
        "longitude_max": 37.0,
        "main_imagery": "/static/assets/images/black.png",
        "detail_imagery": "/static/assets/images/34,-1.5,37,1.5.png",
        "thumbnail_imagery": "/static/assets/images/thumbnails/area_thumbnails/kenya_micro_cube_32E_39E_3_5S_3_5N.png",
        "detail_latitude_min": -1.5,
        "detail_latitude_max": 1.5,
        "detail_longitude_min": 34.0,
        "detail_longitude_max": 37.0,
        "satellites": [1]
    }
}, {
    "model": "dc_algorithm.area",
    "pk": "lake_baringo",
    "fields": {
        "name": "Lake Baringo",
        "latitude_min": 0.5,
        "latitude_max": 0.75,
        "longitude_min": 36.0,
        "longitude_max": 36.25,
        "main_imagery": "/static/assets/images/black.png",
        "detail_imagery": "/static/assets/images/35.5,0,37,1.5.png",
        "thumbnail_imagery": "/static/assets/images/thumbnails/area_thumbnails/lake_baringo_thumbnail_34E_37E_1S_1N.png",
        "detail_latitude_min": 0.0,
        "detail_latitude_max": 1.5,
        "detail_longitude_min": 35.5,
        "detail_longitude_max": 37.0,
        "satellites": [1]
    }
}, {
    "model": "dc_algorithm.area",
    "pk": "lake_chad",
    "fields": {
        "name": "Lake Chad",
        "latitude_min": 12.75,
        "latitude_max": 13.0,
        "longitude_min": 14.25,
        "longitude_max": 14.5,
        "main_imagery": "/static/assets/images/black.png",
        "detail_imagery": "/static/assets/images/13.75,12.25,15,13.5.png",
        "thumbnail_imagery": "/static/assets/images/thumbnails/area_thumbnails/lake_chad_thumbail_14E_15E_12N_13N.png",
        "detail_latitude_min": 12.25,
        "detail_latitude_max": 13.5,
        "detail_longitude_min": 13.75,
        "detail_longitude_max": 15.0,
        "satellites": [1]
    }
}, {
    "model": "dc_algorithm.area",
    "pk": "lake_chad_full",
    "fields": {
        "name": "Full Lake Chad",
        "latitude_min": 12.125,
        "latitude_max": 13.975,
        "longitude_min": 13.65,
        "longitude_max": 15.5,
        "main_imagery": "/static/assets/images/black.png",
        "detail_imagery": "/static/assets/images/lake_chad_main.png",
        "thumbnail_imagery": "/static/assets/images/thumbnails/area_thumbnails/lake_chad_full_thumbnail_0_1E_35N_37N.png",
        "detail_latitude_min": 12.125,
        "detail_latitude_max": 13.975,
        "detail_longitude_min": 13.65,
        "detail_longitude_max": 15.5,
        "satellites": [1, 2, 3, 4]
    }
}, {
    "model": "dc_algorithm.area",
    "pk": "lake_cortijo",
    "fields": {
        "name": "Lake Cortijo",
        "latitude_min": 3.3,
        "latitude_max": 5.3,
        "longitude_min": -75.75,
        "longitude_max": -73.3,
        "main_imagery": "/static/assets/images/black.png",
        "detail_imagery": "/static/assets/images/cortijo_main_-76_2.75_-73_5.75.png",
        "thumbnail_imagery": "/static/assets/images/thumbnails/area_thumbnails/cortijo_thumbnail_-77W_-72W_1.5N_6.5N.png",
        "detail_latitude_min": 2.75,
        "detail_latitude_max": 5.75,
        "detail_longitude_min": -76.0,
        "detail_longitude_max": -73.0,
        "satellites": [1]
    }
}, {
    "model": "dc_algorithm.area",
    "pk": "menindee_lakes",
    "fields": {
        "name": "Menindee Lakes",
        "latitude_min": -33.25,
        "latitude_max": -31.24,
        "longitude_min": 141.8,
        "longitude_max": 143.1,
        "main_imagery": "/static/assets/images/black.png",
        "detail_imagery": "/static/assets/images/meninee_lakes_main_141.25_-33.5_143.75_-31.png",
        "thumbnail_imagery": "/static/assets/images/thumbnails/area_thumbnails/meninee_lakes_thumbnail_140.25E_144.25E_33.5S_30S.png",
        "detail_latitude_min": -33.5,
        "detail_latitude_max": -31.0,
        "detail_longitude_min": 141.25,
        "detail_longitude_max": 143.75,
        "satellites": [1]
    }
}, {
    "model": "dc_algorithm.area",
    "pk": "meta_river",
    "fields": {
        "name": "Meta River",
        "latitude_min": 4.0,
        "latitude_max": 5.0,
        "longitude_min": -72.0,
        "longitude_max": -71.0,
        "main_imagery": "/static/assets/images/black.png",
        "detail_imagery": "/static/assets/images/-72,4-71,5.png",
        "thumbnail_imagery": "/static/assets/images/thumbnails/area_thumbnails/meta_river_thumbnail_75W_67W_0_5N_8_5N.png",
        "detail_latitude_min": 4.0,
        "detail_latitude_max": 5.0,
        "detail_longitude_min": -72.0,
        "detail_longitude_max": -71.0,
        "satellites": [1, 2, 3, 4]
    }
}, {
    "model": "dc_algorithm.area",
    "pk": "salgar_colombia",
    "fields": {
        "name": "Salgar, Colombia",
        "latitude_min": 5.9,
        "latitude_max": 6.0,
        "longitude_min": -75.925,
        "longitude_max": -75.825,
        "main_imagery": "/static/assets/images/black.png",
        "detail_imagery": "/static/assets/images/salgar_colombia_main.png",
        "thumbnail_imagery": "/static/assets/images/thumbnails/area_thumbnails/colombia_thumbnail_78W_71W_2S_4N.png",
        "detail_latitude_min": 5.9,
        "detail_latitude_max": 6.0,
        "detail_longitude_min": -75.925,
        "detail_longitude_max": -75.825,
        "satellites": [1]
    }
}, {
    "model": "dc_algorithm.area",
    "pk": "togo",
    "fields": {
        "name": "Togo",
        "latitude_min": 4.25,
        "latitude_max": 7.25,
        "longitude_min": 0.0,
        "longitude_max": 3.0,
        "main_imagery": "/static/assets/images/black.png",
        "detail_imagery": "/static/assets/images/togo_main.png",
        "thumbnail_imagery": "/static/assets/images/thumbnails/area_thumbnails/togo_thumbnail_1W_4E_3N_8N.png",
        "detail_latitude_min": 4.25,
        "detail_latitude_max": 7.25,
        "detail_longitude_min": 0.0,
        "detail_longitude_max": 3.0,
        "satellites": [1]
    }
}, {
    "model": "dc_algorithm.area",
    "pk": "tonga",
    "fields": {
        "name": "Tonga",
        "latitude_min": -23.0,
        "latitude_max": -20.0,
        "longitude_min": -177.375,
        "longitude_max": -174.375,
        "main_imagery": "/static/assets/images/black.png",
        "detail_imagery": "/static/assets/images/tonga_main.png",
        "thumbnail_imagery": "/static/assets/images/thumbnails/area_thumbnails/tonga_thumbnail_177W_174W_23S_20S.png",
        "detail_latitude_min": -23.0,
        "detail_latitude_max": -20.0,
        "detail_longitude_min": -177.375,
        "detail_longitude_max": -174.375,
        "satellites": [1]
    }
}, {
    "model": "dc_algorithm.area",
    "pk": "vietnam",
    "fields": {
        "name": "Vietnam",
        "latitude_min": 10.6,
        "latitude_max": 12.62,
        "longitude_min": 106.75,
        "longitude_max": 109.0,
        "main_imagery": "/static/assets/images/black.png",
        "detail_imagery": "/static/assets/images/vietnam_main_106.5_10.3_109_12.8.png",
        "thumbnail_imagery": "/static/assets/images/thumbnails/area_thumbnails/vietnam_thumbnail_105E_110E_9N_14N.png",
        "detail_latitude_min": 10.3,
        "detail_latitude_max": 12.8,
        "detail_longitude_min": 106.5,
        "detail_longitude_max": 109.0,
        "satellites": [1, 2]
    }
}, {
    "model": "dc_algorithm.application",
    "pk": "coastal_change",
    "fields": {
        "name": "Coastal Change",
        "color_scale": "/static/assets/images/color_scales/coastal_change_color_scale.png",
        "areas": ["amazon_river", "bangladesh", "colombia", "kenya", "lake_baringo", "lake_chad", "lake_chad_full", "lake_cortijo", "menindee_lakes", "meta_river", "salgar_colombia", "togo", "tonga", "vietnam"],
        "satellites": [1, 2, 3]
    }
}, {
    "model": "dc_algorithm.application",
    "pk": "custom_mosaic_tool",
    "fields": {
        "name": "Custom Mosaic",
        "color_scale": null,
        "areas": ["amazon_river", "bangladesh", "colombia", "kenya", "lake_baringo", "lake_chad", "lake_chad_full", "lake_cortijo", "menindee_lakes", "meta_river", "salgar_colombia", "togo", "tonga", "vietnam"],
        "satellites": [1, 2, 3, 4]
    }
}, {
    "model": "dc_algorithm.application",
    "pk": "fractional_cover",
    "fields": {
        "name": "Fractional Cover",
        "color_scale": "/static/assets/images/color_scales/fractional_cover_color_scale.png",
        "areas": ["amazon_river", "bangladesh", "colombia", "kenya", "lake_baringo", "lake_chad", "lake_chad_full", "lake_cortijo", "menindee_lakes", "meta_river", "salgar_colombia", "togo", "tonga", "vietnam"],
        "satellites": [1, 2, 3, 4]
    }
}, {
    "model": "dc_algorithm.application",
    "pk": "ndvi_anomaly",
    "fields": {
        "name": "NDVI Anomaly",
        "color_scale": "/static/assets/images/color_scales/ndvi_color_scale.png",
        "areas": [],
        "satellites": []
    }
}, {
    "model": "dc_algorithm.application",
    "pk": "slip",
    "fields": {
        "name": "Landslide SLIP",
        "color_scale": "",
        "areas": [],
        "satellites": []
    }
}, {
    "model": "dc_algorithm.application",
    "pk": "tsm",
    "fields": {
        "name": "Water Quality TSM",
        "color_scale": "/static/assets/images/color_scales/tsm_color_scale.png",
        "areas": [],
        "satellites": []
    }
}, {
    "model": "dc_algorithm.application",
    "pk": "water_detection",
    "fields": {
        "name": "Water Detection",
        "color_scale": "/static/assets/images/color_scales/water_detection_color_scale.png",
        "areas": [],
        "satellites": []
    }
}, {
    "model": "dc_algorithm.compositor",
    "pk": "least_recent",
    "fields": {
        "name": "Least Recent Pixel"
    }
}, {
    "model": "dc_algorithm.compositor",
    "pk": "max_ndvi",
    "fields": {
        "name": "Max NDVI Pixel"
    }
}, {
    "model": "dc_algorithm.compositor",
    "pk": "median_pixel",
    "fields": {
        "name": "Median Pixel"
    }
}, {
    "model": "dc_algorithm.compositor",
    "pk": "min_ndvi",
    "fields": {
        "name": "Min NDVI Pixel"
    }
}, {
    "model": "dc_algorithm.compositor",
    "pk": "most_recent",
    "fields": {
        "name": "Most Recent Pixel"
    }
}, {
    "model": "dc_algorithm.baseline",
    "pk": "average",
    "fields": {
        "name": "Average"
    }
}, {
    "model": "dc_algorithm.baseline",
    "pk": "composite",
    "fields": {
        "name": "Composite"
    }
}, {
    "model": "custom_mosaic_tool.userhistory",
    "pk": 5,
    "fields": {
        "user_id": 1,
        "task_id": "d0e1ed7a-76eb-49a0-badb-a0d1a360e7b5"
    }
}, {
    "model": "custom_mosaic_tool.userhistory",
    "pk": 6,
    "fields": {
        "user_id": 1,
        "task_id": "8f436502-9075-48c4-806c-c8bedcd4d5ab"
    }
}, {
    "model": "custom_mosaic_tool.resulttype",
    "pk": 1,
    "fields": {
        "result_id": "true_color",
        "datacube_platform": "LANDSAT_8",
        "name": "True color",
        "red": "red",
        "green": "green",
        "blue": "blue",
        "fill": "red"
    }
}, {
    "model": "custom_mosaic_tool.resulttype",
    "pk": 2,
    "fields": {
        "result_id": "nir_swir_swir",
        "datacube_platform": "LANDSAT_8",
        "name": "NIR, SWIR1, SWIR2",
        "red": "nir",
        "green": "swir1",
        "blue": "swir2",
        "fill": "red"
    }
}, {
    "model": "custom_mosaic_tool.resulttype",
    "pk": 3,
    "fields": {
        "result_id": "nir_swir_red",
        "datacube_platform": "LANDSAT_8",
        "name": "NIR, SWIR1, RED",
        "red": "nir",
        "green": "swir1",
        "blue": "red",
        "fill": "red"
    }
}, {
    "model": "custom_mosaic_tool.resulttype",
    "pk": 4,
    "fields": {
        "result_id": "swir_nir_red",
        "datacube_platform": "LANDSAT_8",
        "name": "SWIR1, NIR, RED",
        "red": "swir1",
        "green": "nir",
        "blue": "red",
        "fill": "blue"
    }
}, {
    "model": "custom_mosaic_tool.resulttype",
    "pk": 5,
    "fields": {
        "result_id": "swir_nir_green",
        "datacube_platform": "LANDSAT_8",
        "name": "SWIR2, NIR, GREEN",
        "red": "swir2",
        "green": "nir",
        "blue": "green",
        "fill": "red"
    }
}, {
    "model": "custom_mosaic_tool.resulttype",
    "pk": 6,
    "fields": {
        "result_id": "swir_nir_blue",
        "datacube_platform": "LANDSAT_8",
        "name": "SWIR1, NIR, BLUE",
        "red": "swir1",
        "green": "nir",
        "blue": "blue",
        "fill": "blue"
    }
}, {
    "model": "custom_mosaic_tool.resulttype",
    "pk": 7,
    "fields": {
        "result_id": "nir_red_green",
        "datacube_platform": "LANDSAT_8",
        "name": "NIR, RED, GREEN",
        "red": "nir",
        "green": "red",
        "blue": "green",
        "fill": "blue"
    }
}, {
    "model": "custom_mosaic_tool.resulttype",
    "pk": 9,
    "fields": {
        "result_id": "true_color",
        "datacube_platform": "LANDSAT_7",
        "name": "True color",
        "red": "red",
        "green": "green",
        "blue": "blue",
        "fill": "red"
    }
}, {
    "model": "custom_mosaic_tool.resulttype",
    "pk": 10,
    "fields": {
        "result_id": "nir_swir_swir",
        "datacube_platform": "LANDSAT_7",
        "name": "NIR, SWIR1, SWIR2",
        "red": "nir",
        "green": "swir1",
        "blue": "swir2",
        "fill": "red"
    }
}, {
    "model": "custom_mosaic_tool.resulttype",
    "pk": 11,
    "fields": {
        "result_id": "nir_swir_red",
        "datacube_platform": "LANDSAT_7",
        "name": "NIR, SWIR1, RED",
        "red": "nir",
        "green": "swir1",
        "blue": "red",
        "fill": "red"
    }
}, {
    "model": "custom_mosaic_tool.resulttype",
    "pk": 12,
    "fields": {
        "result_id": "swir_nir_red",
        "datacube_platform": "LANDSAT_7",
        "name": "SWIR1, NIR, RED",
        "red": "swir1",
        "green": "nir",
        "blue": "red",
        "fill": "blue"
    }
}, {
    "model": "custom_mosaic_tool.resulttype",
    "pk": 13,
    "fields": {
        "result_id": "swir_nir_green",
        "datacube_platform": "LANDSAT_7",
        "name": "SWIR2, NIR, GREEN",
        "red": "swir2",
        "green": "nir",
        "blue": "green",
        "fill": "red"
    }
}, {
    "model": "custom_mosaic_tool.resulttype",
    "pk": 14,
    "fields": {
        "result_id": "swir_nir_blue",
        "datacube_platform": "LANDSAT_7",
        "name": "SWIR1, NIR, BLUE",
        "red": "swir1",
        "green": "nir",
        "blue": "blue",
        "fill": "blue"
    }
}, {
    "model": "custom_mosaic_tool.resulttype",
    "pk": 15,
    "fields": {
        "result_id": "nir_red_green",
        "datacube_platform": "LANDSAT_7",
        "name": "NIR, RED, GREEN",
        "red": "nir",
        "green": "red",
        "blue": "green",
        "fill": "blue"
    }
}, {
    "model": "custom_mosaic_tool.resulttype",
    "pk": 16,
    "fields": {
        "result_id": "true_color",
        "datacube_platform": "LANDSAT_5",
        "name": "True Color",
        "red": "red",
        "green": "green",
        "blue": "blue",
        "fill": "red"
    }
}, {
    "model": "custom_mosaic_tool.resulttype",
    "pk": 17,
    "fields": {
        "result_id": "nir_swir_swir",
        "datacube_platform": "LANDSAT_5",
        "name": "NIR, SWIR1, SWIR2",
        "red": "nir",
        "green": "swir1",
        "blue": "swir2",
        "fill": "red"
    }
}, {
    "model": "custom_mosaic_tool.resulttype",
    "pk": 18,
    "fields": {
        "result_id": "nir_swir_red",
        "datacube_platform": "LANDSAT_5",
        "name": "NIR, SWIR1, RED",
        "red": "nir",
        "green": "swir1",
        "blue": "red",
        "fill": "red"
    }
}, {
    "model": "custom_mosaic_tool.resulttype",
    "pk": 19,
    "fields": {
        "result_id": "swir_nir_red",
        "datacube_platform": "LANDSAT_5",
        "name": "SWIR1, NIR, RED",
        "red": "swir1",
        "green": "nir",
        "blue": "red",
        "fill": "blue"
    }
}, {
    "model": "custom_mosaic_tool.resulttype",
    "pk": 20,
    "fields": {
        "result_id": "swir_nir_green",
        "datacube_platform": "LANDSAT_5",
        "name": "SWIR2, NIR, GREEN",
        "red": "swir2",
        "green": "nir",
        "blue": "green",
        "fill": "red"
    }
}, {
    "model": "custom_mosaic_tool.resulttype",
    "pk": 21,
    "fields": {
        "result_id": "swir_nir_blue",
        "datacube_platform": "LANDSAT_5",
        "name": "SWIR1, NIR, BLUE",
        "red": "swir1",
        "green": "nir",
        "blue": "blue",
        "fill": "blue"
    }
}, {
    "model": "custom_mosaic_tool.resulttype",
    "pk": 22,
    "fields": {
        "result_id": "nir_red_green",
        "datacube_platform": "LANDSAT_5",
        "name": "NIR, RED, GREEN",
        "red": "nir",
        "green": "red",
        "blue": "green",
        "fill": "blue"
    }
}, {
    "model": "custom_mosaic_tool.resulttype",
    "pk": 23,
    "fields": {
        "result_id": "true_color",
        "datacube_platform": "LANDSAT_ALL",
        "name": "True color",
        "red": "red",
        "green": "green",
        "blue": "blue",
        "fill": "red"
    }
}, {
    "model": "custom_mosaic_tool.resulttype",
    "pk": 24,
    "fields": {
        "result_id": "nir_swir_swir",
        "datacube_platform": "LANDSAT_ALL",
        "name": "NIR, SWIR1, SWIR2",
        "red": "nir",
        "green": "swir1",
        "blue": "swir2",
        "fill": "red"
    }
}, {
    "model": "custom_mosaic_tool.resulttype",
    "pk": 25,
    "fields": {
        "result_id": "nir_swir_red",
        "datacube_platform": "LANDSAT_ALL",
        "name": "NIR, SWIR1, RED",
        "red": "nir",
        "green": "swir1",
        "blue": "red",
        "fill": "red"
    }
}, {
    "model": "custom_mosaic_tool.resulttype",
    "pk": 26,
    "fields": {
        "result_id": "swir_nir_red",
        "datacube_platform": "LANDSAT_ALL",
        "name": "SWIR1, NIR, RED",
        "red": "swir1",
        "green": "nir",
        "blue": "red",
        "fill": "blue"
    }
}, {
    "model": "custom_mosaic_tool.resulttype",
    "pk": 27,
    "fields": {
        "result_id": "swir_nir_green",
        "datacube_platform": "LANDSAT_ALL",
        "name": "SWIR2, NIR, GREEN",
        "red": "swir2",
        "green": "nir",
        "blue": "green",
        "fill": "red"
    }
}, {
    "model": "custom_mosaic_tool.resulttype",
    "pk": 28,
    "fields": {
        "result_id": "swir_nir_blue",
        "datacube_platform": "LANDSAT_ALL",
        "name": "SWIR1, NIR, BLUE",
        "red": "swir1",
        "green": "nir",
        "blue": "blue",
        "fill": "blue"
    }
}, {
    "model": "custom_mosaic_tool.resulttype",
    "pk": 29,
    "fields": {
        "result_id": "nir_red_green",
        "datacube_platform": "LANDSAT_ALL",
        "name": "NIR, RED, GREEN",
        "red": "nir",
        "green": "red",
        "blue": "green",
        "fill": "blue"
    }
}, {
    "model": "custom_mosaic_tool.resulttype",
    "pk": 30,
    "fields": {
        "result_id": "vv_vh_ratio",
        "datacube_platform": "SENTINEL_1A",
        "name": "VV,VH,VV/VH",
        "red": "vv",
        "green": "vh",
        "blue": "vv/vh",
        "fill": "vv"
    }
}, {
    "model": "custom_mosaic_tool.animationtype",
    "pk": "cumulative",
    "fields": {
        "name": "Cumulative",
        "data_variable": "None",
        "band_number": "None"
    }
}, {
    "model": "custom_mosaic_tool.animationtype",
    "pk": "none",
    "fields": {
        "name": "None",
        "data_variable": "None",
        "band_number": "None"
    }
}, {
    "model": "custom_mosaic_tool.animationtype",
    "pk": "scene",
    "fields": {
        "name": "Scene",
        "data_variable": "None",
        "band_number": "None"
    }
}, {
    "model": "custom_mosaic_tool.custommosaictask",
    "pk": "39f5bb37-de54-4ea1-b5a8-02adffbf7020",
    "fields": {
        "title": "Custom Mosaic Query",
        "description": "None",
        "execution_start": "2017-05-15T14:05:03.457Z",
        "execution_end": "2017-05-15T14:05:03.220Z",
        "area_id": "colombia",
        "platform": "LANDSAT_7",
        "time_start": "2008-04-15",
        "time_end": "2009-04-15",
        "latitude_min": -0.2157,
        "latitude_max": 1.5271,
        "longitude_min": -76.1979,
        "longitude_max": -74.3575,
        "complete": false,
        "pixel_count": 0,
        "clean_pixel_count": 0,
        "percentage_clean_pixels": 0.0,
        "acquisition_list": "",
        "clean_pixels_per_acquisition": "",
        "clean_pixel_percentages_per_acquisition": "",
        "status": "WAIT",
        "message": "Starting processing.",
        "scenes_processed": 6,
        "total_scenes": 140,
        "result_path": "",
        "query_type": 9,
        "animated_product": "none",
        "compositor": "least_recent",
        "satellite_list": "",
        "result_filled_path": "",
        "animation_path": "None",
        "data_path": "",
        "data_netcdf_path": ""
    }
}, {
    "model": "custom_mosaic_tool.custommosaictask",
    "pk": "8f436502-9075-48c4-806c-c8bedcd4d5ab",
    "fields": {
        "title": "Custom Mosaic Query",
        "description": "None",
        "execution_start": "2017-05-15T15:44:19.767Z",
        "execution_end": "2017-05-15T15:44:25.686Z",
        "area_id": "togo",
        "platform": "LANDSAT_7",
        "time_start": "2015-01-01",
        "time_end": "2016-01-01",
        "latitude_min": 6.1116,
        "latitude_max": 6.1545,
        "longitude_min": 1.2548,
        "longitude_max": 1.3302,
        "complete": true,
        "pixel_count": 44361,
        "clean_pixel_count": 44286,
        "percentage_clean_pixels": 99.8309325759113,
        "acquisition_list": "12/23/2015,12/07/2015,11/21/2015,11/05/2015,08/01/2015,05/13/2015,02/06/2015,01/21/2015,01/05/2015",
        "clean_pixels_per_acquisition": "34272,0,35368,35268,31570,30551,6937,32425,32258",
        "clean_pixel_percentages_per_acquisition": "77.2570501116,0.0,79.7276887356,79.5022655035,71.1661143797,68.8690516445,15.637609612,73.0934830144,72.7170262167",
        "status": "OK",
        "message": "All products have been generated. Your result will be loaded on the map.",
        "scenes_processed": 9,
        "total_scenes": 9,
        "result_path": "/datacube/ui_results/custom_mosaic_tool/8f436502-9075-48c4-806c-c8bedcd4d5ab/png_mosaic.png",
        "query_type": 9,
        "animated_product": "none",
        "compositor": "median_pixel",
        "satellite_list": "LANDSAT_7,LANDSAT_7,LANDSAT_7,LANDSAT_7,LANDSAT_7,LANDSAT_7,LANDSAT_7,LANDSAT_7,LANDSAT_7",
        "result_filled_path": "/datacube/ui_results/custom_mosaic_tool/8f436502-9075-48c4-806c-c8bedcd4d5ab/filled_png_mosaic.png",
        "animation_path": "/datacube/ui_results/custom_mosaic_tool/8f436502-9075-48c4-806c-c8bedcd4d5ab/animation.gif",
        "data_path": "/datacube/ui_results/custom_mosaic_tool/8f436502-9075-48c4-806c-c8bedcd4d5ab/data_tif.tif",
        "data_netcdf_path": "/datacube/ui_results/custom_mosaic_tool/8f436502-9075-48c4-806c-c8bedcd4d5ab/data_netcdf.nc"
    }
}, {
    "model": "custom_mosaic_tool.custommosaictask",
    "pk": "99d5efa7-eff0-4ae3-80cd-dc35278ec70f",
    "fields": {
        "title": "Custom Mosaic Query",
        "description": "None",
        "execution_start": "2017-05-15T14:02:51.793Z",
        "execution_end": "2017-05-15T14:00:11.032Z",
        "area_id": "colombia",
        "platform": "LANDSAT_7",
        "time_start": "2008-04-15",
        "time_end": "2009-04-15",
        "latitude_min": -0.2092,
        "latitude_max": 1.3386,
        "longitude_min": -75.9572,
        "longitude_max": -74.5006,
        "complete": false,
        "pixel_count": 0,
        "clean_pixel_count": 0,
        "percentage_clean_pixels": 0.0,
        "acquisition_list": "",
        "clean_pixels_per_acquisition": "",
        "clean_pixel_percentages_per_acquisition": "",
        "status": "WAIT",
        "message": "Starting processing.",
        "scenes_processed": 0,
        "total_scenes": 100,
        "result_path": "",
        "query_type": 9,
        "animated_product": "none",
        "compositor": "least_recent",
        "satellite_list": "",
        "result_filled_path": "",
        "animation_path": "None",
        "data_path": "",
        "data_netcdf_path": ""
    }
}, {
    "model": "custom_mosaic_tool.custommosaictask",
    "pk": "d0e1ed7a-76eb-49a0-badb-a0d1a360e7b5",
    "fields": {
        "title": "Custom Mosaic Query",
        "description": "None",
        "execution_start": "2017-05-15T14:05:55.444Z",
        "execution_end": "2017-05-15T14:16:04.393Z",
        "area_id": "kenya",
        "platform": "LANDSAT_7",
        "time_start": "2007-04-15",
        "time_end": "2008-04-15",
        "latitude_min": -0.8536,
        "latitude_max": 0.7789,
        "longitude_min": 35.825,
        "longitude_max": 36.5946,
        "complete": true,
        "pixel_count": 17316277,
        "clean_pixel_count": 17009551,
        "percentage_clean_pixels": 98.2286839139845,
        "acquisition_list": "04/06/2008,03/05/2008,01/01/2008,12/16/2007,11/30/2007,11/14/2007,10/29/2007,10/13/2007,09/27/2007,09/11/2007,08/26/2007,08/10/2007,07/25/2007,07/09/2007,06/07/2007,05/22/2007,05/06/2007,04/20/2007",
        "clean_pixels_per_acquisition": "13148476,12010707,9392983,12796357,1084323,2086040,12935378,10631159,5799665,9532742,11532637,4501475,7152958,11160226,9608728,13455011,3438283,6771077",
        "clean_pixel_percentages_per_acquisition": "75.9313101771,69.3607927385,54.2436633463,73.8978534474,6.26187141728,12.0467003386,74.7006876825,61.3940225142,33.4925630954,55.0507594675,66.5999798918,25.9956282751,41.3077129686,64.4493386194,55.4895720368,77.7015232547,19.8557865527,39.1023832663",
        "status": "OK",
        "message": "All products have been generated. Your result will be loaded on the map.",
        "scenes_processed": 18,
        "total_scenes": 18,
        "result_path": "/datacube/ui_results/custom_mosaic_tool/d0e1ed7a-76eb-49a0-badb-a0d1a360e7b5/png_mosaic.png",
        "query_type": 9,
        "animated_product": "none",
        "compositor": "least_recent",
        "satellite_list": "LANDSAT_7,LANDSAT_7,LANDSAT_7,LANDSAT_7,LANDSAT_7,LANDSAT_7,LANDSAT_7,LANDSAT_7,LANDSAT_7,LANDSAT_7,LANDSAT_7,LANDSAT_7,LANDSAT_7,LANDSAT_7,LANDSAT_7,LANDSAT_7,LANDSAT_7,LANDSAT_7",
        "result_filled_path": "/datacube/ui_results/custom_mosaic_tool/d0e1ed7a-76eb-49a0-badb-a0d1a360e7b5/filled_png_mosaic.png",
        "animation_path": "/datacube/ui_results/custom_mosaic_tool/d0e1ed7a-76eb-49a0-badb-a0d1a360e7b5/animation.gif",
        "data_path": "/datacube/ui_results/custom_mosaic_tool/d0e1ed7a-76eb-49a0-badb-a0d1a360e7b5/data_tif.tif",
        "data_netcdf_path": "/datacube/ui_results/custom_mosaic_tool/d0e1ed7a-76eb-49a0-badb-a0d1a360e7b5/data_netcdf.nc"
    }
}, {
    "model": "coastal_change.userhistory",
    "pk": 1,
    "fields": {
        "user_id": 1,
        "task_id": "f8831ccc-c869-49a7-98e4-515546fc9ea8"
    }
}, {
    "model": "coastal_change.userhistory",
    "pk": 2,
    "fields": {
        "user_id": 1,
        "task_id": "e051f27e-ef9a-4732-a94e-35bc6b280561"
    }
}, {
    "model": "coastal_change.userhistory",
    "pk": 3,
    "fields": {
        "user_id": 1,
        "task_id": "af14b4ff-9bad-4623-896d-4a9e53d24b0d"
    }
}, {
    "model": "coastal_change.userhistory",
    "pk": 4,
    "fields": {
        "user_id": 1,
        "task_id": "6418199b-a43c-4cd5-8b74-06911a6befa4"
    }
}, {
    "model": "coastal_change.userhistory",
    "pk": 6,
    "fields": {
        "user_id": 1,
        "task_id": "dd9eb47a-be32-44d9-a28b-627623f5fd29"
    }
}, {
    "model": "coastal_change.userhistory",
    "pk": 7,
    "fields": {
        "user_id": 1,
        "task_id": "136d9ca4-c496-47f1-90bb-a4c223f94190"
    }
}, {
    "model": "coastal_change.userhistory",
    "pk": 8,
    "fields": {
        "user_id": 1,
        "task_id": "6faa2b8b-d1fd-4d7e-a145-0f6f1ef4ae68"
    }
}, {
    "model": "coastal_change.userhistory",
    "pk": 9,
    "fields": {
        "user_id": 1,
        "task_id": "9fc16f21-0dff-4d20-9ddd-92b65fe0923d"
    }
}, {
    "model": "coastal_change.userhistory",
    "pk": 10,
    "fields": {
        "user_id": 1,
        "task_id": "33c640e6-c08c-489e-af5b-07cba4623f68"
    }
}, {
    "model": "coastal_change.userhistory",
    "pk": 11,
    "fields": {
        "user_id": 1,
        "task_id": "c1a57f49-94ab-40b4-8486-cdde3b796cf0"
    }
}, {
    "model": "coastal_change.userhistory",
    "pk": 12,
    "fields": {
        "user_id": 1,
        "task_id": "0ad5bab3-0343-4e7a-8bd1-ad1e21790b63"
    }
}, {
    "model": "coastal_change.toolinfo",
    "pk": 18,
    "fields": {
        "image_path": "/static/assets/images/thumbnails/coastal_change_1.png",
        "image_title": "Coastline Identification",
        "image_description": "Identify the coastline of a yearly mosaic and compare it to a baseline year."
    }
}, {
    "model": "coastal_change.toolinfo",
    "pk": 19,
    "fields": {
        "image_path": "/static/assets/images/thumbnails/coastal_change_2.png",
        "image_title": "Coastal Change",
        "image_description": "Compute the area covered by receding coastline over a user defined period."
    }
}, {
    "model": "coastal_change.animationtype",
    "pk": "coastal_change",
    "fields": {
        "name": "Coastal Change",
        "data_variable": "None",
        "band_number": "None"
    }
}, {
    "model": "coastal_change.animationtype",
    "pk": "coastline_change",
    "fields": {
        "name": "Coastline Change",
        "data_variable": "None",
        "band_number": "None"
    }
}, {
    "model": "coastal_change.animationtype",
    "pk": "none",
    "fields": {
        "name": "None",
        "data_variable": "None",
        "band_number": "None"
    }
}, {
    "model": "coastal_change.coastalchangetask",
    "pk": "0ad5bab3-0343-4e7a-8bd1-ad1e21790b63",
    "fields": {
        "title": "Coastal Change Query",
        "description": "None",
        "execution_start": "2017-05-15T15:41:51.399Z",
        "execution_end": "2017-05-15T15:42:02.767Z",
        "area_id": "togo",
        "platform": "LANDSAT_7",
        "latitude_min": 6.1169,
        "latitude_max": 6.1585,
        "longitude_min": 1.2493,
        "longitude_max": 1.3158,
        "complete": true,
        "pixel_count": 38130,
        "clean_pixel_count": 38130,
        "percentage_clean_pixels": 100.0,
        "acquisition_list": "12/23/2015,12/07/2015,11/21/2015,11/05/2015,08/01/2015,05/13/2015,02/06/2015,01/21/2015,01/05/2015,12/16/2001,11/14/2001,10/29/2001,10/13/2001,09/11/2001,05/06/2001,04/04/2001,03/03/2001,01/30/2001",
        "clean_pixels_per_acquisition": "28093,0,29704,30216,29157,25348,10214,26775,25925,37843,38130,34771,37957,90,0,38057,37632,32002",
        "clean_pixel_percentages_per_acquisition": "73.6768948335,0.0,77.901914503,79.2446892211,76.4673485445,66.4778389719,26.7873065827,70.2202989772,67.9910831366,99.247311828,100.0,91.1906635195,99.5462890113,0.236034618411,0.0,99.8085496984,98.6939417781,83.9286650931",
        "status": "OK",
        "message": "All products have been generated. Your result will be loaded on the map.",
        "scenes_processed": 18,
        "total_scenes": 18,
        "result_path": "/datacube/ui_results/coastal_change/0ad5bab3-0343-4e7a-8bd1-ad1e21790b63/coastline_change.png",
        "time_end": 2015,
        "time_start": 2001,
        "animated_product": "none",
        "land_converted": "",
        "sea_converted": "",
        "result_coastal_change_path": "/datacube/ui_results/coastal_change/0ad5bab3-0343-4e7a-8bd1-ad1e21790b63/coastal_change.png",
        "result_mosaic_path": "/datacube/ui_results/coastal_change/0ad5bab3-0343-4e7a-8bd1-ad1e21790b63/mosaic.png",
        "animation_path": "",
        "data_path": "/datacube/ui_results/coastal_change/0ad5bab3-0343-4e7a-8bd1-ad1e21790b63/data_tif.tif",
        "data_netcdf_path": "/datacube/ui_results/coastal_change/0ad5bab3-0343-4e7a-8bd1-ad1e21790b63/data_netcdf.nc"
    }
}, {
    "model": "coastal_change.coastalchangetask",
    "pk": "136d9ca4-c496-47f1-90bb-a4c223f94190",
    "fields": {
        "title": "Coastal Change Query",
        "description": "None",
        "execution_start": "2017-05-15T14:57:35.916Z",
        "execution_end": "2017-05-15T14:57:41.223Z",
        "area_id": "togo",
        "platform": "LANDSAT_7",
        "latitude_min": 6.1248,
        "latitude_max": 6.1585,
        "longitude_min": 1.2537,
        "longitude_max": 1.3161,
        "complete": true,
        "pixel_count": 28875,
        "clean_pixel_count": 28875,
        "percentage_clean_pixels": 100.0,
        "acquisition_list": "12/28/2011,12/12/2011,11/26/2011,11/10/2011,09/23/2011,01/10/2011,12/25/2010,12/09/2010,03/12/2010,02/24/2010,02/08/2010,01/23/2010,01/07/2010,12/22/2009,12/06/2009,11/20/2009,11/04/2009,10/19/2009,10/03/2009,05/28/2009,05/12/2009,03/25/2009,03/09/2009,02/05/2009,01/04/2009,12/19/2008,12/03/2008,11/17/2008,10/16/2008,07/12/2008,03/06/2008,02/19/2008,02/03/2008,01/18/2008,01/02/2008",
        "clean_pixels_per_acquisition": "20483,7514,23382,23258,9992,12594,18385,15210,24177,9136,8494,22028,23703,23435,20611,15677,23366,9601,23553,11521,24030,11583,23219,22099,23410,22391,22859,6912,17028,20798,0,2072,0,6205,24058",
        "clean_pixel_percentages_per_acquisition": "70.9367965368,26.0225108225,80.9766233766,80.5471861472,34.6043290043,43.6155844156,63.670995671,52.6753246753,83.7298701299,31.6398268398,29.4164502165,76.2874458874,82.0883116883,81.1601731602,71.3800865801,54.2926406926,80.9212121212,33.2502164502,81.5688311688,39.8995670996,83.2207792208,40.1142857143,80.4121212121,76.5333333333,81.0735930736,77.5445887446,79.1653679654,23.9376623377,58.9714285714,72.0277056277,0.0,7.17575757576,0.0,21.4891774892,83.3177489177",
        "status": "OK",
        "message": "All products have been generated. Your result will be loaded on the map.",
        "scenes_processed": 35,
        "total_scenes": 35,
        "result_path": "/datacube/ui_results/coastal_change/136d9ca4-c496-47f1-90bb-a4c223f94190/coastline_change.png",
        "time_end": 2011,
        "time_start": 2008,
        "animated_product": "coastline_change",
        "land_converted": "",
        "sea_converted": "",
        "result_coastal_change_path": "/datacube/ui_results/coastal_change/136d9ca4-c496-47f1-90bb-a4c223f94190/coastal_change.png",
        "result_mosaic_path": "/datacube/ui_results/coastal_change/136d9ca4-c496-47f1-90bb-a4c223f94190/mosaic.png",
        "animation_path": "/datacube/ui_results/coastal_change/136d9ca4-c496-47f1-90bb-a4c223f94190/animation.gif",
        "data_path": "/datacube/ui_results/coastal_change/136d9ca4-c496-47f1-90bb-a4c223f94190/data_tif.tif",
        "data_netcdf_path": "/datacube/ui_results/coastal_change/136d9ca4-c496-47f1-90bb-a4c223f94190/data_netcdf.nc"
    }
}, {
    "model": "coastal_change.coastalchangetask",
    "pk": "33c640e6-c08c-489e-af5b-07cba4623f68",
    "fields": {
        "title": "Coastal Change Query",
        "description": "None",
        "execution_start": "2017-05-15T15:02:16.954Z",
        "execution_end": "2017-05-15T15:28:05.616Z",
        "area_id": "togo",
        "platform": "LANDSAT_7",
        "latitude_min": 5.75,
        "latitude_max": 6.5,
        "longitude_min": 0.75,
        "longitude_max": 2.0,
        "complete": true,
        "pixel_count": 12826920,
        "clean_pixel_count": 12750514,
        "percentage_clean_pixels": 99.4043308915936,
        "acquisition_list": "12/23/2015,12/07/2015,11/21/2015,11/05/2015,08/01/2015,05/13/2015,02/06/2015,01/21/2015,01/05/2015,12/16/2001,11/14/2001,10/29/2001,10/13/2001,09/11/2001,05/06/2001,04/04/2001,03/03/2001,01/30/2001",
        "clean_pixels_per_acquisition": "10634850,0,6929866,6686943,6692825,4287033,6336564,7227352,9379208,5897739,7254963,7124709,3088397,2582160,1262999,12829110,7337400,11046183",
        "clean_pixel_percentages_per_acquisition": "82.9103947011,0.0,54.0259547888,52.1321018608,52.1779585434,33.4221543441,49.4005108007,56.3451865296,73.1212793095,45.9793855423,56.5604447521,55.5449710453,24.0774636468,20.1307874377,9.84647132749,100.017073467,57.2031321627,86.1171894734",
        "status": "OK",
        "message": "All products have been generated. Your result will be loaded on the map.",
        "scenes_processed": 18,
        "total_scenes": 18,
        "result_path": "/datacube/ui_results/coastal_change/33c640e6-c08c-489e-af5b-07cba4623f68/coastline_change.png",
        "time_end": 2015,
        "time_start": 2001,
        "animated_product": "none",
        "land_converted": "",
        "sea_converted": "",
        "result_coastal_change_path": "/datacube/ui_results/coastal_change/33c640e6-c08c-489e-af5b-07cba4623f68/coastal_change.png",
        "result_mosaic_path": "/datacube/ui_results/coastal_change/33c640e6-c08c-489e-af5b-07cba4623f68/mosaic.png",
        "animation_path": "",
        "data_path": "/datacube/ui_results/coastal_change/33c640e6-c08c-489e-af5b-07cba4623f68/data_tif.tif",
        "data_netcdf_path": "/datacube/ui_results/coastal_change/33c640e6-c08c-489e-af5b-07cba4623f68/data_netcdf.nc"
    }
}, {
    "model": "coastal_change.coastalchangetask",
    "pk": "6418199b-a43c-4cd5-8b74-06911a6befa4",
    "fields": {
        "title": "Coastal Change Query",
        "description": "None",
        "execution_start": "2017-05-15T14:24:19.194Z",
        "execution_end": "2017-05-15T14:25:09.072Z",
        "area_id": "togo",
        "platform": "LANDSAT_7",
        "latitude_min": 6.1066,
        "latitude_max": 6.1868,
        "longitude_min": 1.1917,
        "longitude_max": 1.3854,
        "complete": true,
        "pixel_count": 212652,
        "clean_pixel_count": 212167,
        "percentage_clean_pixels": 99.7719278445535,
        "acquisition_list": "12/19/2008,12/03/2008,11/17/2008,10/16/2008,07/12/2008,03/06/2008,02/19/2008,02/03/2008,01/18/2008,01/02/2008,12/17/2007,12/01/2007,10/30/2007,09/28/2007,09/12/2007,03/20/2007,03/04/2007,01/31/2007,01/15/2007,12/30/2006,12/14/2006,11/28/2006,11/12/2006,10/27/2006,05/04/2006,04/18/2006,04/02/2006,03/01/2006,12/27/2005,12/11/2005,11/25/2005,11/09/2005,10/24/2005,05/17/2005,03/30/2005,02/10/2005,01/09/2005,12/24/2004,12/08/2004,11/22/2004,09/03/2004,08/02/2004,05/30/2004,04/12/2004,03/27/2004,02/24/2004,01/07/2004",
        "clean_pixels_per_acquisition": "126926,155033,73747,138862,76950,0,8552,0,68288,178484,17375,172738,38950,15041,121687,168911,56367,159059,67889,166954,156607,91485,97794,158107,163634,156323,119272,172672,170984,0,154004,164092,92841,63616,154506,109523,0,171337,152039,130905,55482,86720,140762,111259,162230,139356,91224",
        "clean_pixel_percentages_per_acquisition": "59.6871884581,72.9045576811,34.6796644283,65.3001147415,36.1858811579,0.0,4.02159396573,0.0,32.1125594869,83.9324342118,8.17062618739,81.2303669846,18.3163102158,7.07305833004,57.2235389274,79.4307130899,26.5066869815,74.7977916972,31.924928992,78.5104301864,73.6447341196,43.0209920433,45.9878110716,74.3501119199,76.9491939883,73.5111825894,56.0878806689,81.1993303613,80.40554521,0.0,72.4206685101,77.1645693433,43.6586535749,29.9155427647,72.6567349472,51.5033952185,0.0,80.571544119,71.4966235916,61.5583206365,26.0905140793,40.7802418976,66.1935932886,52.3197524594,76.2889603672,65.5324191637,42.8982563061",
        "status": "OK",
        "message": "All products have been generated. Your result will be loaded on the map.",
        "scenes_processed": 47,
        "total_scenes": 47,
        "result_path": "/datacube/ui_results/coastal_change/6418199b-a43c-4cd5-8b74-06911a6befa4/coastline_change.png",
        "time_end": 2008,
        "time_start": 2004,
        "animated_product": "coastline_change",
        "land_converted": "",
        "sea_converted": "",
        "result_coastal_change_path": "/datacube/ui_results/coastal_change/6418199b-a43c-4cd5-8b74-06911a6befa4/coastal_change.png",
        "result_mosaic_path": "/datacube/ui_results/coastal_change/6418199b-a43c-4cd5-8b74-06911a6befa4/mosaic.png",
        "animation_path": "/datacube/ui_results/coastal_change/6418199b-a43c-4cd5-8b74-06911a6befa4/animation.gif",
        "data_path": "/datacube/ui_results/coastal_change/6418199b-a43c-4cd5-8b74-06911a6befa4/data_tif.tif",
        "data_netcdf_path": "/datacube/ui_results/coastal_change/6418199b-a43c-4cd5-8b74-06911a6befa4/data_netcdf.nc"
    }
}, {
    "model": "coastal_change.coastalchangetask",
    "pk": "6faa2b8b-d1fd-4d7e-a145-0f6f1ef4ae68",
    "fields": {
        "title": "Coastal Change Query",
        "description": "None",
        "execution_start": "2017-05-15T14:58:38.687Z",
        "execution_end": "2017-05-15T14:58:45.370Z",
        "area_id": "togo",
        "platform": "LANDSAT_7",
        "latitude_min": 6.1244,
        "latitude_max": 6.1569,
        "longitude_min": 1.2559,
        "longitude_max": 1.31,
        "complete": true,
        "pixel_count": 24321,
        "clean_pixel_count": 24321,
        "percentage_clean_pixels": 100.0,
        "acquisition_list": "12/28/2011,12/12/2011,11/26/2011,11/10/2011,09/23/2011,01/10/2011,12/25/2010,12/09/2010,03/12/2010,02/24/2010,02/08/2010,01/23/2010,01/07/2010,12/22/2009,12/06/2009,11/20/2009,11/04/2009,10/19/2009,10/03/2009,05/28/2009,05/12/2009,03/25/2009,03/09/2009,02/05/2009,01/04/2009,12/19/2008,12/03/2008,11/17/2008,10/16/2008,07/12/2008,03/06/2008,02/19/2008,02/03/2008,01/18/2008,01/02/2008",
        "clean_pixels_per_acquisition": "17396,5979,19597,19518,8671,10239,15553,13418,20306,7480,6850,18841,19981,19758,17619,12890,19561,8085,19850,9907,20235,9213,19556,18816,19735,19053,19200,5508,14410,17840,0,1791,0,4787,20311",
        "clean_pixel_percentages_per_acquisition": "71.5266641997,24.5836931047,80.5764565602,80.25163439,35.6523169278,42.0994202541,63.9488507874,55.1704288475,83.4916327454,30.7553143374,28.1649603224,77.4680317421,82.1553390074,81.2384359196,72.4435672875,52.9994654825,80.4284363307,33.2428765265,81.6167098392,40.7343448049,83.1997039595,37.8808437153,80.4078779655,77.3652399161,81.1438674397,78.3397064265,78.9441223634,22.647095103,59.2492085029,73.3522470293,0.0,7.36400641421,0.0,19.6825788413,83.5121911106",
        "status": "OK",
        "message": "All products have been generated. Your result will be loaded on the map.",
        "scenes_processed": 35,
        "total_scenes": 35,
        "result_path": "/datacube/ui_results/coastal_change/6faa2b8b-d1fd-4d7e-a145-0f6f1ef4ae68/coastline_change.png",
        "time_end": 2011,
        "time_start": 2008,
        "animated_product": "coastline_change",
        "land_converted": "",
        "sea_converted": "",
        "result_coastal_change_path": "/datacube/ui_results/coastal_change/6faa2b8b-d1fd-4d7e-a145-0f6f1ef4ae68/coastal_change.png",
        "result_mosaic_path": "/datacube/ui_results/coastal_change/6faa2b8b-d1fd-4d7e-a145-0f6f1ef4ae68/mosaic.png",
        "animation_path": "/datacube/ui_results/coastal_change/6faa2b8b-d1fd-4d7e-a145-0f6f1ef4ae68/animation.gif",
        "data_path": "/datacube/ui_results/coastal_change/6faa2b8b-d1fd-4d7e-a145-0f6f1ef4ae68/data_tif.tif",
        "data_netcdf_path": "/datacube/ui_results/coastal_change/6faa2b8b-d1fd-4d7e-a145-0f6f1ef4ae68/data_netcdf.nc"
    }
}, {
    "model": "coastal_change.coastalchangetask",
    "pk": "9fc16f21-0dff-4d20-9ddd-92b65fe0923d",
    "fields": {
        "title": "Coastal Change Query",
        "description": "None",
        "execution_start": "2017-05-15T15:00:15.714Z",
        "execution_end": "2017-05-15T15:00:22.606Z",
        "area_id": "togo",
        "platform": "LANDSAT_7",
        "latitude_min": 6.1144,
        "latitude_max": 6.1611,
        "longitude_min": 1.2432,
        "longitude_max": 1.3205,
        "complete": true,
        "pixel_count": 49651,
        "clean_pixel_count": 49528,
        "percentage_clean_pixels": 99.7522708505367,
        "acquisition_list": "12/28/2011,12/12/2011,11/26/2011,11/10/2011,09/23/2011,01/10/2011,12/25/2010,12/09/2010,03/12/2010,02/24/2010,02/08/2010,01/23/2010,01/07/2010,12/22/2009,12/06/2009,11/20/2009,11/04/2009,10/19/2009,10/03/2009,05/28/2009,05/12/2009,03/25/2009,03/09/2009,02/05/2009,01/04/2009,12/19/2008,12/03/2008,11/17/2008,10/16/2008,07/12/2008,03/06/2008,02/19/2008,02/03/2008,01/18/2008,01/02/2008",
        "clean_pixels_per_acquisition": "35635,11953,39949,40074,21585,25528,30278,25660,41365,12081,16607,37713,40678,39960,35213,28943,40050,19007,40589,23212,41399,23300,40140,37604,40217,36729,39025,12584,30871,32870,0,3424,0,16427,41192",
        "clean_pixel_percentages_per_acquisition": "71.7709613099,24.0740367767,80.4596080643,80.71136533,43.4734446436,51.4148758333,60.9816519305,51.6807315059,83.3115143703,24.3318362168,33.4474632938,75.9561740952,81.9278564379,80.4817627037,70.9210287809,58.2928843326,80.663027935,38.2812027955,81.7486052647,46.7503172142,83.3799923466,46.9275543292,80.8442931663,75.7366417595,80.999375642,73.9743408995,78.5986183561,25.344907454,62.175988399,66.2020905923,0.0,6.89613502246,0.0,33.0849328312,82.9630823146",
        "status": "OK",
        "message": "All products have been generated. Your result will be loaded on the map.",
        "scenes_processed": 35,
        "total_scenes": 35,
        "result_path": "/datacube/ui_results/coastal_change/9fc16f21-0dff-4d20-9ddd-92b65fe0923d/coastline_change.png",
        "time_end": 2011,
        "time_start": 2008,
        "animated_product": "coastline_change",
        "land_converted": "",
        "sea_converted": "",
        "result_coastal_change_path": "/datacube/ui_results/coastal_change/9fc16f21-0dff-4d20-9ddd-92b65fe0923d/coastal_change.png",
        "result_mosaic_path": "/datacube/ui_results/coastal_change/9fc16f21-0dff-4d20-9ddd-92b65fe0923d/mosaic.png",
        "animation_path": "/datacube/ui_results/coastal_change/9fc16f21-0dff-4d20-9ddd-92b65fe0923d/animation.gif",
        "data_path": "/datacube/ui_results/coastal_change/9fc16f21-0dff-4d20-9ddd-92b65fe0923d/data_tif.tif",
        "data_netcdf_path": "/datacube/ui_results/coastal_change/9fc16f21-0dff-4d20-9ddd-92b65fe0923d/data_netcdf.nc"
    }
}, {
    "model": "coastal_change.coastalchangetask",
    "pk": "ad0180fd-0118-4b05-83f8-a48b2cdd192d",
    "fields": {
        "title": "Coastal Change Query",
        "description": "None",
        "execution_start": "2017-05-15T14:25:49.236Z",
        "execution_end": "2017-05-15T15:30:19.027Z",
        "area_id": "togo",
        "platform": "LANDSAT_7",
        "latitude_min": 6.1163,
        "latitude_max": 6.1762,
        "longitude_min": 1.2067,
        "longitude_max": 1.3396,
        "complete": true,
        "pixel_count": 109493,
        "clean_pixel_count": 109439,
        "percentage_clean_pixels": 99.9506817787438,
        "acquisition_list": "12/19/2008,12/03/2008,11/17/2008,10/16/2008,07/12/2008,03/06/2008,02/19/2008,02/03/2008,01/18/2008,01/02/2008,12/17/2007,12/01/2007,10/30/2007,09/28/2007,09/12/2007,03/20/2007,03/04/2007,01/31/2007,01/15/2007,12/30/2006,12/14/2006,11/28/2006,11/12/2006,10/27/2006,05/04/2006,04/18/2006,04/02/2006,03/01/2006,12/27/2005,12/11/2005,11/25/2005,11/09/2005,10/24/2005,05/17/2005,03/30/2005,02/10/2005,01/09/2005,12/24/2004,12/08/2004,11/22/2004,09/03/2004,08/02/2004,05/30/2004,04/12/2004,03/27/2004,02/24/2004,01/07/2004",
        "clean_pixels_per_acquisition": "61330,78643,37985,64275,55532,0,6716,0,24709,90507,3455,90152,12532,640,56070,86277,38469,83367,40913,83435,80025,36674,58078,81318,81645,81296,56305,87577,86786,0,81011,86013,39049,28695,76568,52058,0,87368,80383,63151,15607,41236,67585,54892,86528,71814,44563",
        "clean_pixel_percentages_per_acquisition": "56.0127131415,71.8246828564,34.6917154521,58.7023828007,50.7173974592,0.0,6.13372544364,0.0,22.5667394263,82.6600787265,3.15545286,82.3358570868,11.445480533,0.584512251925,51.208753071,78.7968180614,35.1337528426,76.139113916,37.3658590047,76.2012183427,73.0868640004,33.4943786361,53.0426602614,74.2677614094,74.5664106381,74.2476688007,51.4233786635,79.9841085732,79.2616879618,0.0,73.9873781886,78.5557067575,35.663467071,26.2071547953,69.9295845397,47.5445918917,0.0,79.7932287909,73.4138255414,57.6758331583,14.2538792434,37.6608550318,61.7254071037,50.1328852073,79.0260564602,65.5877544683,40.6994054414",
        "status": "OK",
        "message": "All products have been generated. Your result will be loaded on the map.",
        "scenes_processed": 47,
        "total_scenes": 47,
        "result_path": "/datacube/ui_results/coastal_change/ad0180fd-0118-4b05-83f8-a48b2cdd192d/coastline_change.png",
        "time_end": 2008,
        "time_start": 2004,
        "animated_product": "coastline_change",
        "land_converted": "",
        "sea_converted": "",
        "result_coastal_change_path": "/datacube/ui_results/coastal_change/ad0180fd-0118-4b05-83f8-a48b2cdd192d/coastal_change.png",
        "result_mosaic_path": "/datacube/ui_results/coastal_change/ad0180fd-0118-4b05-83f8-a48b2cdd192d/mosaic.png",
        "animation_path": "/datacube/ui_results/coastal_change/ad0180fd-0118-4b05-83f8-a48b2cdd192d/animation.gif",
        "data_path": "/datacube/ui_results/coastal_change/ad0180fd-0118-4b05-83f8-a48b2cdd192d/data_tif.tif",
        "data_netcdf_path": "/datacube/ui_results/coastal_change/ad0180fd-0118-4b05-83f8-a48b2cdd192d/data_netcdf.nc"
    }
}, {
    "model": "coastal_change.coastalchangetask",
    "pk": "af14b4ff-9bad-4623-896d-4a9e53d24b0d",
    "fields": {
        "title": "Coastal Change Query",
        "description": "None",
        "execution_start": "2017-05-15T14:23:03.645Z",
        "execution_end": "2017-05-15T14:23:27.440Z",
        "area_id": "togo",
        "platform": "LANDSAT_7",
        "latitude_min": 6.1225,
        "latitude_max": 6.1665,
        "longitude_min": 1.1917,
        "longitude_max": 1.337,
        "complete": true,
        "pixel_count": 87694,
        "clean_pixel_count": 87500,
        "percentage_clean_pixels": 99.7787761990558,
        "acquisition_list": "12/19/2008,12/03/2008,11/17/2008,10/16/2008,07/12/2008,03/06/2008,02/19/2008,02/03/2008,01/18/2008,01/02/2008,12/17/2007,12/01/2007,10/30/2007,09/28/2007,09/12/2007,03/20/2007,03/04/2007,01/31/2007,01/15/2007,12/30/2006,12/14/2006,11/28/2006,11/12/2006,10/27/2006,05/04/2006,04/18/2006,04/02/2006,03/01/2006,12/27/2005,12/11/2005,11/25/2005,11/09/2005,10/24/2005,05/17/2005,03/30/2005,02/10/2005,01/09/2005,12/24/2004,12/08/2004,11/22/2004,09/03/2004,08/02/2004,05/30/2004,04/12/2004,03/27/2004,02/24/2004,01/07/2004",
        "clean_pixels_per_acquisition": "47490,65670,35605,48259,43915,0,6564,0,18592,72602,1575,72480,8973,641,44644,67864,31736,66296,33233,66593,64561,28098,47543,65829,65492,65757,47784,70294,69379,0,65830,70097,28509,24124,63023,40203,0,69292,64799,49977,11119,31536,55576,44111,67846,56603,35387",
        "clean_pixel_percentages_per_acquisition": "54.1542180765,74.8853969485,40.6014094465,55.0311309782,50.0775423632,0.0,7.48511870824,0.0,21.2009943668,82.7901566812,1.79601797158,82.6510365589,10.2321709581,0.730950806213,50.9088421101,77.3872784911,36.1894770452,75.5992428216,37.8965493648,75.9379204963,73.6207722307,32.040960613,54.2146555066,75.0667092389,74.6824184095,74.9846055602,54.4894747645,80.1582776473,79.1148767304,0.0,75.0678495678,79.9336328597,32.509635779,27.5092936803,71.8669464273,45.8446415946,0.0,79.0156681187,73.892170502,56.9902159783,12.6793167149,35.961411271,63.3749173262,50.3010468219,77.3667525714,64.5460350765,40.3528177526",
        "status": "OK",
        "message": "All products have been generated. Your result will be loaded on the map.",
        "scenes_processed": 47,
        "total_scenes": 47,
        "result_path": "/datacube/ui_results/coastal_change/af14b4ff-9bad-4623-896d-4a9e53d24b0d/coastline_change.png",
        "time_end": 2008,
        "time_start": 2004,
        "animated_product": "coastline_change",
        "land_converted": "",
        "sea_converted": "",
        "result_coastal_change_path": "/datacube/ui_results/coastal_change/af14b4ff-9bad-4623-896d-4a9e53d24b0d/coastal_change.png",
        "result_mosaic_path": "/datacube/ui_results/coastal_change/af14b4ff-9bad-4623-896d-4a9e53d24b0d/mosaic.png",
        "animation_path": "/datacube/ui_results/coastal_change/af14b4ff-9bad-4623-896d-4a9e53d24b0d/animation.gif",
        "data_path": "/datacube/ui_results/coastal_change/af14b4ff-9bad-4623-896d-4a9e53d24b0d/data_tif.tif",
        "data_netcdf_path": "/datacube/ui_results/coastal_change/af14b4ff-9bad-4623-896d-4a9e53d24b0d/data_netcdf.nc"
    }
}, {
    "model": "coastal_change.coastalchangetask",
    "pk": "c1a57f49-94ab-40b4-8486-cdde3b796cf0",
    "fields": {
        "title": "Coastal Change Query",
        "description": "None",
        "execution_start": "2017-05-15T15:37:19.666Z",
        "execution_end": "2017-05-15T15:37:36.344Z",
        "area_id": "togo",
        "platform": "LANDSAT_7",
        "latitude_min": 6.1192,
        "latitude_max": 6.1566,
        "longitude_min": 1.2519,
        "longitude_max": 1.3127,
        "complete": true,
        "pixel_count": 31275,
        "clean_pixel_count": 31275,
        "percentage_clean_pixels": 100.0,
        "acquisition_list": "12/23/2015,12/07/2015,11/21/2015,11/05/2015,08/01/2015,05/13/2015,02/06/2015,01/21/2015,01/05/2015,12/16/2001,11/14/2001,10/29/2001,10/13/2001,09/11/2001,05/06/2001,04/04/2001,03/03/2001,01/30/2001",
        "clean_pixels_per_acquisition": "22916,0,24203,24862,24276,20505,7798,21491,20999,31201,31275,28526,31270,37,0,31275,31153,26207",
        "clean_pixel_percentages_per_acquisition": "73.2725819345,0.0,77.3876898481,79.4948041567,77.6211031175,65.5635491607,24.9336530775,68.7162270184,67.1430855316,99.7633892886,100.0,91.2102318145,99.9840127898,0.118305355715,0.0,100.0,99.6099120703,83.795363709",
        "status": "OK",
        "message": "All products have been generated. Your result will be loaded on the map.",
        "scenes_processed": 18,
        "total_scenes": 18,
        "result_path": "/datacube/ui_results/coastal_change/c1a57f49-94ab-40b4-8486-cdde3b796cf0/coastline_change.png",
        "time_end": 2015,
        "time_start": 2001,
        "animated_product": "none",
        "land_converted": "",
        "sea_converted": "",
        "result_coastal_change_path": "/datacube/ui_results/coastal_change/c1a57f49-94ab-40b4-8486-cdde3b796cf0/coastal_change.png",
        "result_mosaic_path": "/datacube/ui_results/coastal_change/c1a57f49-94ab-40b4-8486-cdde3b796cf0/mosaic.png",
        "animation_path": "",
        "data_path": "/datacube/ui_results/coastal_change/c1a57f49-94ab-40b4-8486-cdde3b796cf0/data_tif.tif",
        "data_netcdf_path": "/datacube/ui_results/coastal_change/c1a57f49-94ab-40b4-8486-cdde3b796cf0/data_netcdf.nc"
    }
}, {
    "model": "coastal_change.coastalchangetask",
    "pk": "dd9eb47a-be32-44d9-a28b-627623f5fd29",
    "fields": {
        "title": "Coastal Change Query",
        "description": "None",
        "execution_start": "2017-05-15T14:53:15.778Z",
        "execution_end": "2017-05-15T14:54:13.357Z",
        "area_id": "togo",
        "platform": "LANDSAT_7",
        "latitude_min": 6.0778,
        "latitude_max": 6.2239,
        "longitude_min": 1.1045,
        "longitude_max": 1.4192,
        "complete": true,
        "pixel_count": 630966,
        "clean_pixel_count": 609221,
        "percentage_clean_pixels": 96.5536970296339,
        "acquisition_list": "12/28/2011,12/12/2011,11/26/2011,11/10/2011,09/23/2011,01/10/2011,12/25/2010,12/09/2010,03/12/2010,02/24/2010,02/08/2010,01/23/2010,01/07/2010,12/22/2009,12/06/2009,11/20/2009,11/04/2009,10/19/2009,10/03/2009,05/28/2009,05/12/2009,03/25/2009,03/09/2009,02/05/2009,01/04/2009,12/19/2008,12/03/2008,11/17/2008,10/16/2008,07/12/2008,03/06/2008,02/19/2008,02/03/2008,01/18/2008,01/02/2008",
        "clean_pixels_per_acquisition": "267463,232906,418077,458958,265249,366245,246794,351327,438690,137202,321119,405841,449589,370282,350470,409431,399879,213661,376421,93456,511380,244560,440204,258157,502881,300875,360988,346257,305928,143548,0,17375,0,218855,521911",
        "clean_pixel_percentages_per_acquisition": "42.3894472919,36.9126070184,66.2598301652,72.7389431443,42.0385567527,58.04512446,39.1136764897,55.6808132292,69.5267256873,21.7447532831,50.8932335498,64.3205814576,71.2540770818,58.6849370648,55.5449897459,64.8895503086,63.3756810985,33.8625219108,59.6578896486,14.8115746332,81.0471562652,38.7596162075,69.766675225,40.9145659196,79.7001740189,47.6848197843,57.2119575381,54.8772834035,48.4856553285,22.7505127059,0.0,2.75371414625,0.0,34.6857041425,82.7161843903",
        "status": "OK",
        "message": "All products have been generated. Your result will be loaded on the map.",
        "scenes_processed": 35,
        "total_scenes": 35,
        "result_path": "/datacube/ui_results/coastal_change/dd9eb47a-be32-44d9-a28b-627623f5fd29/coastline_change.png",
        "time_end": 2011,
        "time_start": 2008,
        "animated_product": "coastline_change",
        "land_converted": "",
        "sea_converted": "",
        "result_coastal_change_path": "/datacube/ui_results/coastal_change/dd9eb47a-be32-44d9-a28b-627623f5fd29/coastal_change.png",
        "result_mosaic_path": "/datacube/ui_results/coastal_change/dd9eb47a-be32-44d9-a28b-627623f5fd29/mosaic.png",
        "animation_path": "/datacube/ui_results/coastal_change/dd9eb47a-be32-44d9-a28b-627623f5fd29/animation.gif",
        "data_path": "/datacube/ui_results/coastal_change/dd9eb47a-be32-44d9-a28b-627623f5fd29/data_tif.tif",
        "data_netcdf_path": "/datacube/ui_results/coastal_change/dd9eb47a-be32-44d9-a28b-627623f5fd29/data_netcdf.nc"
    }
}, {
    "model": "coastal_change.coastalchangetask",
    "pk": "e051f27e-ef9a-4732-a94e-35bc6b280561",
    "fields": {
        "title": "Coastal Change Query",
        "description": "None",
        "execution_start": "2017-05-15T14:19:10.378Z",
        "execution_end": "2017-05-15T14:20:09.955Z",
        "area_id": "togo",
        "platform": "LANDSAT_7",
        "latitude_min": 6.1078,
        "latitude_max": 6.1782,
        "longitude_min": 1.2165,
        "longitude_max": 1.3688,
        "complete": true,
        "pixel_count": 146380,
        "clean_pixel_count": 146358,
        "percentage_clean_pixels": 99.9849706244022,
        "acquisition_list": "12/19/2008,12/03/2008,11/17/2008,10/16/2008,07/12/2008,03/06/2008,02/19/2008,02/03/2008,01/18/2008,01/02/2008,12/17/2007,12/01/2007,10/30/2007,09/28/2007,09/12/2007,03/20/2007,03/04/2007,01/31/2007,01/15/2007,12/30/2006,12/14/2006,11/28/2006,11/12/2006,10/27/2006,05/04/2006,04/18/2006,04/02/2006,03/01/2006,12/27/2005,12/11/2005,11/25/2005,11/09/2005,10/24/2005,05/17/2005,03/30/2005,02/10/2005,01/09/2005,12/24/2004,12/08/2004,11/22/2004,09/03/2004,08/02/2004,05/30/2004,04/12/2004,03/27/2004,02/24/2004,01/07/2004",
        "clean_pixels_per_acquisition": "96704,109053,41733,96006,62275,0,7335,0,51800,123279,11932,122013,23010,7019,91916,117872,39839,114698,40446,114559,113756,58917,75741,114758,113767,113163,83621,119781,118067,0,114396,118534,64541,39435,108562,80629,0,119282,111854,95884,40233,67646,99424,81253,119155,104299,74827",
        "clean_pixel_percentages_per_acquisition": "66.0636699003,74.4999316847,28.5100423555,65.5868288017,42.5433802432,0.0,5.01093045498,0.0,35.3873479984,84.2184724689,8.15138680148,83.3536002186,15.7193605684,4.79505396912,62.7927312474,80.524661839,27.2161497472,78.3563328324,27.630823883,78.2613745047,77.7128022954,40.2493510042,51.7427244159,78.3973220385,77.7203169832,77.3076923077,57.1259734936,81.8288017489,80.6578767591,0.0,78.1500204946,80.9769094139,44.0914059298,26.940155759,74.1645033475,55.0819784124,0.0,81.4879081842,76.4134444596,65.5034840825,27.4853122011,46.2125973494,67.9218472469,55.5082661566,81.4011476978,71.2522202487,51.1183221752",
        "status": "OK",
        "message": "All products have been generated. Your result will be loaded on the map.",
        "scenes_processed": 47,
        "total_scenes": 47,
        "result_path": "/datacube/ui_results/coastal_change/e051f27e-ef9a-4732-a94e-35bc6b280561/coastline_change.png",
        "time_end": 2008,
        "time_start": 2004,
        "animated_product": "coastline_change",
        "land_converted": "",
        "sea_converted": "",
        "result_coastal_change_path": "/datacube/ui_results/coastal_change/e051f27e-ef9a-4732-a94e-35bc6b280561/coastal_change.png",
        "result_mosaic_path": "/datacube/ui_results/coastal_change/e051f27e-ef9a-4732-a94e-35bc6b280561/mosaic.png",
        "animation_path": "/datacube/ui_results/coastal_change/e051f27e-ef9a-4732-a94e-35bc6b280561/animation.gif",
        "data_path": "/datacube/ui_results/coastal_change/e051f27e-ef9a-4732-a94e-35bc6b280561/data_tif.tif",
        "data_netcdf_path": "/datacube/ui_results/coastal_change/e051f27e-ef9a-4732-a94e-35bc6b280561/data_netcdf.nc"
    }
}, {
    "model": "coastal_change.coastalchangetask",
    "pk": "f8831ccc-c869-49a7-98e4-515546fc9ea8",
    "fields": {
        "title": "Coastal Change Query",
        "description": "None",
        "execution_start": "2017-05-15T13:58:37.263Z",
        "execution_end": "2017-05-15T13:58:51.341Z",
        "area_id": "togo",
        "platform": "LANDSAT_7",
        "latitude_min": 6.1158,
        "latitude_max": 6.1753,
        "longitude_min": 1.2253,
        "longitude_max": 1.3388,
        "complete": true,
        "pixel_count": 92820,
        "clean_pixel_count": 92820,
        "percentage_clean_pixels": 100.0,
        "acquisition_list": "12/17/2007,12/01/2007,10/30/2007,09/28/2007,09/12/2007,03/20/2007,03/04/2007,01/31/2007,01/15/2007,12/30/2006,12/14/2006,11/28/2006,11/12/2006,10/27/2006,05/04/2006,04/18/2006,04/02/2006,03/01/2006",
        "clean_pixels_per_acquisition": "3261,77179,10873,639,54618,74431,31748,71673,30862,71777,71375,31155,51195,71953,70066,71529,48843,75159",
        "clean_pixel_percentages_per_acquisition": "3.51325145443,83.1491057962,11.7140702435,0.688429217841,58.8429217841,80.1885369532,34.2038353803,77.2171945701,33.2492997199,77.3292393881,76.8961430726,33.5649644473,55.1551389787,77.5188536953,75.4858866624,77.0620555915,52.6212023271,80.9728506787",
        "status": "OK",
        "message": "All products have been generated. Your result will be loaded on the map.",
        "scenes_processed": 18,
        "total_scenes": 18,
        "result_path": "/datacube/ui_results/coastal_change/f8831ccc-c869-49a7-98e4-515546fc9ea8/coastline_change.png",
        "time_end": 2007,
        "time_start": 2006,
        "animated_product": "none",
        "land_converted": "",
        "sea_converted": "",
        "result_coastal_change_path": "/datacube/ui_results/coastal_change/f8831ccc-c869-49a7-98e4-515546fc9ea8/coastal_change.png",
        "result_mosaic_path": "/datacube/ui_results/coastal_change/f8831ccc-c869-49a7-98e4-515546fc9ea8/mosaic.png",
        "animation_path": "",
        "data_path": "/datacube/ui_results/coastal_change/f8831ccc-c869-49a7-98e4-515546fc9ea8/data_tif.tif",
        "data_netcdf_path": "/datacube/ui_results/coastal_change/f8831ccc-c869-49a7-98e4-515546fc9ea8/data_netcdf.nc"
    }
}, {
    "model": "fractional_cover.userhistory",
    "pk": 4,
    "fields": {
        "user_id": 1,
        "task_id": "30fd82de-d3c1-4bd4-bdef-6e3870b82270"
    }
}, {
    "model": "fractional_cover.userhistory",
    "pk": 5,
    "fields": {
        "user_id": 1,
        "task_id": "d3e0ecb2-1d00-49e8-853e-e27fd6a9a2f7"
    }
}, {
    "model": "fractional_cover.toolinfo",
    "pk": 4,
    "fields": {
        "image_path": "/static/assets/images/thumbnails/fractional_cover_1.png",
        "image_title": "Fractional Coverage",
        "image_description": "The Fractional Coverage tool allows users to create a three band output product used to visualize the sub pixel composition of selected areas. Pixels are classified as a percentage of photosynthetic vegetation, non-photosynthetic vegetation, and bare soil."
    }
}, {
    "model": "fractional_cover.toolinfo",
    "pk": 5,
    "fields": {
        "image_path": "/static/assets/images/thumbnails/fractional_cover_2.png",
        "image_title": "Pixel Preference",
        "image_description": "Pick a compositing algorithm (most recent, least recent, median, min/max NDVI pixel) that will produce the desired mosaic for the fractional cover application."
    }
}, {
    "model": "fractional_cover.toolinfo",
    "pk": 6,
    "fields": {
        "image_path": "/static/assets/images/thumbnails/fractional_cover_3.png",
        "image_title": "Downloads",
        "image_description": "All products (both data and images) are available for download in various formats, including GeoTIFF, NetCDF, and PNG."
    }
}, {
    "model": "fractional_cover.fractionalcovertask",
    "pk": "1693dd26-df37-4798-ba58-99f27a533876",
    "fields": {
        "title": "Single acquisition for 11/21/2006",
        "description": "None",
        "execution_start": "2017-05-15T16:51:06.442Z",
        "execution_end": "2017-05-15T16:53:14.279Z",
        "area_id": "meta_river",
        "platform": "LANDSAT_7",
        "time_start": "2006-11-21",
        "time_end": "2006-11-22",
        "latitude_min": 4.6209,
        "latitude_max": 4.7521,
        "longitude_min": -71.6439,
        "longitude_max": -71.4521,
        "complete": true,
        "pixel_count": 344835,
        "clean_pixel_count": 299613,
        "percentage_clean_pixels": 86.885901953108,
        "acquisition_list": "11/21/2006",
        "clean_pixels_per_acquisition": "299613",
        "clean_pixel_percentages_per_acquisition": "86.8859019531",
        "status": "OK",
        "message": "All products have been generated. Your result will be loaded on the map.",
        "scenes_processed": 1,
        "total_scenes": 1,
        "result_path": "/datacube/ui_results/fractional_cover/1693dd26-df37-4798-ba58-99f27a533876/band_math.png",
        "compositor": "least_recent",
        "satellite_list": "LANDSAT_7",
        "mosaic_path": "/datacube/ui_results/fractional_cover/1693dd26-df37-4798-ba58-99f27a533876/png_mosaic.png",
        "data_path": "/datacube/ui_results/fractional_cover/1693dd26-df37-4798-ba58-99f27a533876/data_tif.tif",
        "data_netcdf_path": "/datacube/ui_results/fractional_cover/1693dd26-df37-4798-ba58-99f27a533876/data_netcdf.nc"
    }
}, {
    "model": "fractional_cover.fractionalcovertask",
    "pk": "30fd82de-d3c1-4bd4-bdef-6e3870b82270",
    "fields": {
        "title": "Band Math Query",
        "description": "None",
        "execution_start": "2017-05-15T16:47:52.296Z",
        "execution_end": "2017-05-15T16:48:49.874Z",
        "area_id": "meta_river",
        "platform": "LANDSAT_7",
        "time_start": "2006-04-15",
        "time_end": "2007-04-15",
        "latitude_min": 4.6209,
        "latitude_max": 4.7521,
        "longitude_min": -71.6439,
        "longitude_max": -71.4521,
        "complete": true,
        "pixel_count": 344835,
        "clean_pixel_count": 341889,
        "percentage_clean_pixels": 99.1456783679151,
        "acquisition_list": "11/21/2006,09/02/2006,06/30/2006",
        "clean_pixels_per_acquisition": "299613,119730,266714",
        "clean_pixel_percentages_per_acquisition": "86.8859019531,34.7209534995,77.345397074",
        "status": "OK",
        "message": "All products have been generated. Your result will be loaded on the map.",
        "scenes_processed": 3,
        "total_scenes": 3,
        "result_path": "/datacube/ui_results/fractional_cover/30fd82de-d3c1-4bd4-bdef-6e3870b82270/band_math.png",
        "compositor": "least_recent",
        "satellite_list": "LANDSAT_7,LANDSAT_7,LANDSAT_7",
        "mosaic_path": "/datacube/ui_results/fractional_cover/30fd82de-d3c1-4bd4-bdef-6e3870b82270/png_mosaic.png",
        "data_path": "/datacube/ui_results/fractional_cover/30fd82de-d3c1-4bd4-bdef-6e3870b82270/data_tif.tif",
        "data_netcdf_path": "/datacube/ui_results/fractional_cover/30fd82de-d3c1-4bd4-bdef-6e3870b82270/data_netcdf.nc"
    }
}, {
    "model": "fractional_cover.fractionalcovertask",
    "pk": "d3e0ecb2-1d00-49e8-853e-e27fd6a9a2f7",
    "fields": {
        "title": "Band Math Query",
        "description": "None",
        "execution_start": "2017-05-15T16:57:55.443Z",
        "execution_end": "2017-05-15T16:59:06.827Z",
        "area_id": "meta_river",
        "platform": "LANDSAT_7",
        "time_start": "2008-04-15",
        "time_end": "2009-04-15",
        "latitude_min": 4.6209,
        "latitude_max": 4.7521,
        "longitude_min": -71.6439,
        "longitude_max": -71.4521,
        "complete": true,
        "pixel_count": 344835,
        "clean_pixel_count": 344800,
        "percentage_clean_pixels": 99.9898502182203,
        "acquisition_list": "04/03/2009,03/02/2009,02/14/2009,12/28/2008,12/12/2008,11/10/2008,10/25/2008,09/23/2008,09/07/2008,04/16/2008",
        "clean_pixels_per_acquisition": "0,170772,286552,254197,218039,288323,89070,187287,142110,45648",
        "clean_pixel_percentages_per_acquisition": "0.0,49.5228152595,83.0982933867,73.7155451158,63.2299505561,83.6118723447,25.8297446605,54.3120622907,41.2110139632,13.2376353908",
        "status": "OK",
        "message": "All products have been generated. Your result will be loaded on the map.",
        "scenes_processed": 10,
        "total_scenes": 10,
        "result_path": "/datacube/ui_results/fractional_cover/d3e0ecb2-1d00-49e8-853e-e27fd6a9a2f7/band_math.png",
        "compositor": "least_recent",
        "satellite_list": "LANDSAT_7,LANDSAT_7,LANDSAT_7,LANDSAT_7,LANDSAT_7,LANDSAT_7,LANDSAT_7,LANDSAT_7,LANDSAT_7,LANDSAT_7",
        "mosaic_path": "/datacube/ui_results/fractional_cover/d3e0ecb2-1d00-49e8-853e-e27fd6a9a2f7/png_mosaic.png",
        "data_path": "/datacube/ui_results/fractional_cover/d3e0ecb2-1d00-49e8-853e-e27fd6a9a2f7/data_tif.tif",
        "data_netcdf_path": "/datacube/ui_results/fractional_cover/d3e0ecb2-1d00-49e8-853e-e27fd6a9a2f7/data_netcdf.nc"
    }
}, {
    "model": "tsm.resulttype",
    "pk": 1,
    "fields": {
        "satellite_id": "LANDSAT_7",
        "result_id": "black_background",
        "result_type": "Black",
        "fill": "black"
    }
}, {
    "model": "tsm.resulttype",
    "pk": 2,
    "fields": {
        "satellite_id": "LANDSAT_7",
        "result_id": "white_background",
        "result_type": "White",
        "fill": "white"
    }
}, {
    "model": "tsm.resulttype",
    "pk": 3,
    "fields": {
        "satellite_id": "LANDSAT_7",
        "result_id": "transparent_background",
        "result_type": "Transparent",
        "fill": "transparent"
    }
}, {
    "model": "tsm.resulttype",
    "pk": 4,
    "fields": {
        "satellite_id": "LANDSAT_7",
        "result_id": "gray_background",
        "result_type": "Gray",
        "fill": "gray"
    }
}, {
    "model": "tsm.resulttype",
    "pk": 5,
    "fields": {
        "satellite_id": "LANDSAT_5",
        "result_id": "black_background",
        "result_type": "Black",
        "fill": "black\r"
    }
}, {
    "model": "tsm.resulttype",
    "pk": 6,
    "fields": {
        "satellite_id": "LANDSAT_5",
        "result_id": "white_background",
        "result_type": "White",
        "fill": "white"
    }
}, {
    "model": "tsm.resulttype",
    "pk": 7,
    "fields": {
        "satellite_id": "LANDSAT_5",
        "result_id": "transparent_background",
        "result_type": "Transparent",
        "fill": "transparent"
    }
}, {
    "model": "tsm.resulttype",
    "pk": 8,
    "fields": {
        "satellite_id": "LANDSAT_5",
        "result_id": "gray_background",
        "result_type": "Gray",
        "fill": "gray"
    }
}, {
    "model": "tsm.resulttype",
    "pk": 9,
    "fields": {
        "satellite_id": "LANDSAT_8",
        "result_id": "black_background",
        "result_type": "Black",
        "fill": "black\r"
    }
}, {
    "model": "tsm.resulttype",
    "pk": 10,
    "fields": {
        "satellite_id": "LANDSAT_8",
        "result_id": "white_background",
        "result_type": "White",
        "fill": "white"
    }
}, {
    "model": "tsm.resulttype",
    "pk": 11,
    "fields": {
        "satellite_id": "LANDSAT_8",
        "result_id": "transparent_background",
        "result_type": "Transparent",
        "fill": "transparent"
    }
}, {
    "model": "tsm.resulttype",
    "pk": 12,
    "fields": {
        "satellite_id": "LANDSAT_8",
        "result_id": "gray_background",
        "result_type": "Gray",
        "fill": "gray"
    }
}, {
    "model": "tsm.resulttype",
    "pk": 1453,
    "fields": {
        "satellite_id": "LANDSAT_ALL",
        "result_id": "gray_background",
        "result_type": "Gray",
        "fill": "gray"
    }
}, {
    "model": "tsm.resulttype",
    "pk": 1454,
    "fields": {
        "satellite_id": "LANDSAT_ALL",
        "result_id": "transparent_background",
        "result_type": "Transparent",
        "fill": "transparent"
    }
}, {
    "model": "tsm.resulttype",
    "pk": 1455,
    "fields": {
        "satellite_id": "LANDSAT_ALL",
        "result_id": "black_background",
        "result_type": "Black",
        "fill": "black"
    }
}, {
    "model": "tsm.resulttype",
    "pk": 1456,
    "fields": {
        "satellite_id": "LANDSAT_ALL",
        "result_id": "white_background",
        "result_type": "White",
        "fill": "white"
    }
}, {
    "model": "water_detection.resulttype",
    "pk": 1,
    "fields": {
        "satellite_id": "LANDSAT_7",
        "result_id": "black_background",
        "result_type": "Black",
        "fill": "black"
    }
}, {
    "model": "water_detection.resulttype",
    "pk": 2,
    "fields": {
        "satellite_id": "LANDSAT_7",
        "result_id": "white_background",
        "result_type": "White",
        "fill": "white"
    }
}, {
    "model": "water_detection.resulttype",
    "pk": 3,
    "fields": {
        "satellite_id": "LANDSAT_7",
        "result_id": "transparent_background",
        "result_type": "Transparent",
        "fill": "transparent"
    }
}, {
    "model": "water_detection.resulttype",
    "pk": 4,
    "fields": {
        "satellite_id": "LANDSAT_5",
        "result_id": "transparent_background",
        "result_type": "Transparent",
        "fill": "transparent"
    }
}, {
    "model": "water_detection.resulttype",
    "pk": 5,
    "fields": {
        "satellite_id": "LANDSAT_5",
        "result_id": "white_background",
        "result_type": "White",
        "fill": "white"
    }
}, {
    "model": "water_detection.resulttype",
    "pk": 6,
    "fields": {
        "satellite_id": "LANDSAT_5",
        "result_id": "black_background",
        "result_type": "Black",
        "fill": "black"
    }
}, {
    "model": "water_detection.resulttype",
    "pk": 7,
    "fields": {
        "satellite_id": "LANDSAT_8",
        "result_id": "transparent_background",
        "result_type": "Transparent",
        "fill": "transparent"
    }
}, {
    "model": "water_detection.resulttype",
    "pk": 8,
    "fields": {
        "satellite_id": "LANDSAT_8",
        "result_id": "white_background",
        "result_type": "White",
        "fill": "white"
    }
}, {
    "model": "water_detection.resulttype",
    "pk": 9,
    "fields": {
        "satellite_id": "LANDSAT_8",
        "result_id": "black_background",
        "result_type": "Black",
        "fill": "black"
    }
}, {
    "model": "water_detection.resulttype",
    "pk": 1453,
    "fields": {
        "satellite_id": "LANDSAT_ALL",
        "result_id": "transparent_background",
        "result_type": "Transparent",
        "fill": "transparent"
    }
}, {
    "model": "water_detection.resulttype",
    "pk": 1454,
    "fields": {
        "satellite_id": "LANDSAT_ALL",
        "result_id": "black_background",
        "result_type": "Black",
        "fill": "black"
    }
}, {
    "model": "water_detection.resulttype",
    "pk": 1455,
    "fields": {
        "satellite_id": "LANDSAT_ALL",
        "result_id": "white_background",
        "result_type": "White",
        "fill": "white"
    }
}]
