[{"model": "custom_mosaic_tool.resulttype", "pk": 1, "fields": {"satellite_id": "LANDSAT_8", "result_id": "true_color", "result_type": "True color", "red": "red", "green": "green", "blue": "blue", "fill": "red"}}, {"model": "custom_mosaic_tool.resulttype", "pk": 2, "fields": {"satellite_id": "LANDSAT_8", "result_id": "nir_swir_swir", "result_type": "NIR, SWIR1, SWIR2", "red": "nir", "green": "swir1", "blue": "swir2", "fill": "red"}}, {"model": "custom_mosaic_tool.resulttype", "pk": 3, "fields": {"satellite_id": "LANDSAT_8", "result_id": "nir_swir_red", "result_type": "NIR, SWIR1, RED", "red": "nir", "green": "swir1", "blue": "red", "fill": "red"}}, {"model": "custom_mosaic_tool.resulttype", "pk": 4, "fields": {"satellite_id": "LANDSAT_8", "result_id": "swir_nir_red", "result_type": "SWIR1, NIR, RED", "red": "swir1", "green": "nir", "blue": "red", "fill": "blue"}}, {"model": "custom_mosaic_tool.resulttype", "pk": 5, "fields": {"satellite_id": "LANDSAT_8", "result_id": "swir_nir_green", "result_type": "SWIR2, NIR, GREEN", "red": "swir2", "green": "nir", "blue": "green", "fill": "red"}}, {"model": "custom_mosaic_tool.resulttype", "pk": 6, "fields": {"satellite_id": "LANDSAT_8", "result_id": "swir_nir_blue", "result_type": "SWIR1, NIR, BLUE", "red": "swir1", "green": "nir", "blue": "blue", "fill": "blue"}}, {"model": "custom_mosaic_tool.resulttype", "pk": 7, "fields": {"satellite_id": "LANDSAT_8", "result_id": "nir_red_green", "result_type": "NIR, RED, GREEN", "red": "nir", "green": "red", "blue": "green", "fill": "blue"}}, {"model": "custom_mosaic_tool.resulttype", "pk": 9, "fields": {"satellite_id": "LANDSAT_7", "result_id": "true_color", "result_type": "True color", "red": "red", "green": "green", "blue": "blue", "fill": "red"}}, {"model": "custom_mosaic_tool.resulttype", "pk": 10, "fields": {"satellite_id": "LANDSAT_7", "result_id": "nir_swir_swir", "result_type": "NIR, SWIR1, SWIR2", "red": "nir", "green": "swir1", "blue": "swir2", "fill": "red"}}, {"model": "custom_mosaic_tool.resulttype", "pk": 11, "fields": {"satellite_id": "LANDSAT_7", "result_id": "nir_swir_red", "result_type": "NIR, SWIR1, RED", "red": "nir", "green": "swir1", "blue": "red", "fill": "red"}}, {"model": "custom_mosaic_tool.resulttype", "pk": 12, "fields": {"satellite_id": "LANDSAT_7", "result_id": "swir_nir_red", "result_type": "SWIR1, NIR, RED", "red": "swir1", "green": "nir", "blue": "red", "fill": "blue"}}, {"model": "custom_mosaic_tool.resulttype", "pk": 13, "fields": {"satellite_id": "LANDSAT_7", "result_id": "swir_nir_green", "result_type": "SWIR2, NIR, GREEN", "red": "swir2", "green": "nir", "blue": "green", "fill": "red"}}, {"model": "custom_mosaic_tool.resulttype", "pk": 14, "fields": {"satellite_id": "LANDSAT_7", "result_id": "swir_nir_blue", "result_type": "SWIR1, NIR, BLUE", "red": "swir1", "green": "nir", "blue": "blue", "fill": "blue"}}, {"model": "custom_mosaic_tool.resulttype", "pk": 15, "fields": {"satellite_id": "LANDSAT_7", "result_id": "nir_red_green", "result_type": "NIR, RED, GREEN", "red": "nir", "green": "red", "blue": "green", "fill": "blue"}}, {"model": "custom_mosaic_tool.resulttype", "pk": 16, "fields": {"satellite_id": "LANDSAT_5", "result_id": "true_color", "result_type": "True Color", "red": "red", "green": "green", "blue": "blue", "fill": "red"}}, {"model": "custom_mosaic_tool.resulttype", "pk": 17, "fields": {"satellite_id": "LANDSAT_5", "result_id": "nir_swir_swir", "result_type": "NIR, SWIR1, SWIR2", "red": "nir", "green": "swir1", "blue": "swir2", "fill": "red"}}, {"model": "custom_mosaic_tool.resulttype", "pk": 18, "fields": {"satellite_id": "LANDSAT_5", "result_id": "nir_swir_red", "result_type": "NIR, SWIR1, RED", "red": "nir", "green": "swir1", "blue": "red", "fill": "red"}}, {"model": "custom_mosaic_tool.resulttype", "pk": 19, "fields": {"satellite_id": "LANDSAT_5", "result_id": "swir_nir_red", "result_type": "SWIR1, NIR, RED", "red": "swir1", "green": "nir", "blue": "red", "fill": "blue"}}, {"model": "custom_mosaic_tool.resulttype", "pk": 20, "fields": {"satellite_id": "LANDSAT_5", "result_id": "swir_nir_green", "result_type": "SWIR2, NIR, GREEN", "red": "swir2", "green": "nir", "blue": "green", "fill": "red"}}, {"model": "custom_mosaic_tool.resulttype", "pk": 21, "fields": {"satellite_id": "LANDSAT_5", "result_id": "swir_nir_blue", "result_type": "SWIR1, NIR, BLUE", "red": "swir1", "green": "nir", "blue": "blue", "fill": "blue"}}, {"model": "custom_mosaic_tool.resulttype", "pk": 22, "fields": {"satellite_id": "LANDSAT_5", "result_id": "nir_red_green", "result_type": "NIR, RED, GREEN", "red": "nir", "green": "red", "blue": "green", "fill": "blue"}}, {"model": "custom_mosaic_tool.resulttype", "pk": 1453, "fields": {"satellite_id": "LANDSAT_ALL", "result_id": "none", "result_type": "None", "red": "none", "green": "none", "blue": "none", "fill": "none"}}, {"model": "water_detection.resulttype", "pk": 1, "fields": {"satellite_id": "LANDSAT_7", "result_id": "black_background", "result_type": "Black", "fill": "black"}}, {"model": "water_detection.resulttype", "pk": 2, "fields": {"satellite_id": "LANDSAT_7", "result_id": "white_background", "result_type": "White", "fill": "white"}}, {"model": "water_detection.resulttype", "pk": 3, "fields": {"satellite_id": "LANDSAT_7", "result_id": "transparent_background", "result_type": "Transparent", "fill": "transparent"}}, {"model": "water_detection.resulttype", "pk": 4, "fields": {"satellite_id": "LANDSAT_5", "result_id": "transparent_background", "result_type": "Transparent", "fill": "transparent"}}, {"model": "water_detection.resulttype", "pk": 5, "fields": {"satellite_id": "LANDSAT_5", "result_id": "white_background", "result_type": "White", "fill": "white"}}, {"model": "water_detection.resulttype", "pk": 6, "fields": {"satellite_id": "LANDSAT_5", "result_id": "black_background", "result_type": "Black", "fill": "black"}}, {"model": "water_detection.resulttype", "pk": 7, "fields": {"satellite_id": "LANDSAT_8", "result_id": "transparent_background", "result_type": "Transparent", "fill": "transparent"}}, {"model": "water_detection.resulttype", "pk": 8, "fields": {"satellite_id": "LANDSAT_8", "result_id": "white_background", "result_type": "White", "fill": "white"}}, {"model": "water_detection.resulttype", "pk": 9, "fields": {"satellite_id": "LANDSAT_8", "result_id": "black_background", "result_type": "Black", "fill": "black"}}, {"model": "water_detection.resulttype", "pk": 1453, "fields": {"satellite_id": "LANDSAT_ALL", "result_id": "transparent_background", "result_type": "Transparent", "fill": "transparent"}}, {"model": "water_detection.resulttype", "pk": 1454, "fields": {"satellite_id": "LANDSAT_ALL", "result_id": "black_background", "result_type": "Black", "fill": "black"}}, {"model": "water_detection.resulttype", "pk": 1455, "fields": {"satellite_id": "LANDSAT_ALL", "result_id": "white_background", "result_type": "White", "fill": "white"}}, {"model": "tsm.resulttype", "pk": 1, "fields": {"satellite_id": "LANDSAT_7", "result_id": "black_background", "result_type": "Black", "fill": "black"}}, {"model": "tsm.resulttype", "pk": 2, "fields": {"satellite_id": "LANDSAT_7", "result_id": "white_background", "result_type": "White", "fill": "white"}}, {"model": "tsm.resulttype", "pk": 3, "fields": {"satellite_id": "LANDSAT_7", "result_id": "transparent_background", "result_type": "Transparent", "fill": "transparent"}}, {"model": "tsm.resulttype", "pk": 4, "fields": {"satellite_id": "LANDSAT_7", "result_id": "gray_background", "result_type": "Gray", "fill": "gray"}}, {"model": "tsm.resulttype", "pk": 5, "fields": {"satellite_id": "LANDSAT_5", "result_id": "black_background", "result_type": "Black", "fill": "black\r"}}, {"model": "tsm.resulttype", "pk": 6, "fields": {"satellite_id": "LANDSAT_5", "result_id": "white_background", "result_type": "White", "fill": "white"}}, {"model": "tsm.resulttype", "pk": 7, "fields": {"satellite_id": "LANDSAT_5", "result_id": "transparent_background", "result_type": "Transparent", "fill": "transparent"}}, {"model": "tsm.resulttype", "pk": 8, "fields": {"satellite_id": "LANDSAT_5", "result_id": "gray_background", "result_type": "Gray", "fill": "gray"}}, {"model": "tsm.resulttype", "pk": 9, "fields": {"satellite_id": "LANDSAT_8", "result_id": "black_background", "result_type": "Black", "fill": "black\r"}}, {"model": "tsm.resulttype", "pk": 10, "fields": {"satellite_id": "LANDSAT_8", "result_id": "white_background", "result_type": "White", "fill": "white"}}, {"model": "tsm.resulttype", "pk": 11, "fields": {"satellite_id": "LANDSAT_8", "result_id": "transparent_background", "result_type": "Transparent", "fill": "transparent"}}, {"model": "tsm.resulttype", "pk": 12, "fields": {"satellite_id": "LANDSAT_8", "result_id": "gray_background", "result_type": "Gray", "fill": "gray"}}, {"model": "tsm.resulttype", "pk": 1453, "fields": {"satellite_id": "LANDSAT_ALL", "result_id": "gray_background", "result_type": "Gray", "fill": "gray"}}, {"model": "tsm.resulttype", "pk": 1454, "fields": {"satellite_id": "LANDSAT_ALL", "result_id": "transparent_background", "result_type": "Transparent", "fill": "transparent"}}, {"model": "tsm.resulttype", "pk": 1455, "fields": {"satellite_id": "LANDSAT_ALL", "result_id": "black_background", "result_type": "Black", "fill": "black"}}, {"model": "tsm.resulttype", "pk": 1456, "fields": {"satellite_id": "LANDSAT_ALL", "result_id": "white_background", "result_type": "White", "fill": "white"}}, {"model": "data_cube_ui.satellite", "pk": 1, "fields": {"satellite_id": "LANDSAT_7", "satellite_name": "Landsat 7", "product_prefix": "ls7_ledaps_", "date_min": "1999-04-15", "date_max": "2016-12-26"}}, {"model": "data_cube_ui.satellite", "pk": 2, "fields": {"satellite_id": "LANDSAT_8", "satellite_name": "Landsat 8", "product_prefix": "ls8_ledaps_", "date_min": "2013-02-11", "date_max": "2016-12-26"}}, {"model": "data_cube_ui.satellite", "pk": 3, "fields": {"satellite_id": "LANDSAT_5", "satellite_name": "Landsat 5", "product_prefix": "ls5_ledaps_", "date_min": "1984-03-01", "date_max": "1999-02-08"}}, {"model": "data_cube_ui.satellite", "pk": 4, "fields": {"satellite_id": "LANDSAT_ALL", "satellite_name": "Landsat 5/7/8", "product_prefix": "all", "date_min": "1984-03-01", "date_max": "2016-12-26"}}, {"model": "data_cube_ui.area", "pk": 1, "fields": {"area_id": "lake_baringo", "area_name": "Lake Baringo", "latitude_min": 0.5, "latitude_max": 0.75, "longitude_min": 36.0, "longitude_max": 36.25, "main_imagery": "/static/assets/images/black.png", "detail_imagery": "/static/assets/images/35.5,0,37,1.5.png", "detail_latitude_min": 0.0, "detail_latitude_max": 1.5, "detail_longitude_min": 35.5, "detail_longitude_max": 37.0, "satellites": [1]}}, {"model": "data_cube_ui.area", "pk": 2, "fields": {"area_id": "lake_chad", "area_name": "Lake Chad", "latitude_min": 12.75, "latitude_max": 13.0, "longitude_min": 14.25, "longitude_max": 14.5, "main_imagery": "/static/assets/images/black.png", "detail_imagery": "/static/assets/images/13.75,12.25,15,13.5.png", "detail_latitude_min": 12.25, "detail_latitude_max": 13.5, "detail_longitude_min": 13.75, "detail_longitude_max": 15.0, "satellites": [1]}}, {"model": "data_cube_ui.area", "pk": 3, "fields": {"area_id": "kenya", "area_name": "Kenya Micro Cube", "latitude_min": -1.0, "latitude_max": 1.0, "longitude_min": 34.0, "longitude_max": 37.0, "main_imagery": "/static/assets/images/black.png", "detail_imagery": "/static/assets/images/34,-1.5,37,1.5.png", "detail_latitude_min": -1.5, "detail_latitude_max": 1.5, "detail_longitude_min": 34.0, "detail_longitude_max": 37.0, "satellites": [1]}}, {"model": "data_cube_ui.area", "pk": 4, "fields": {"area_id": "colombia", "area_name": "Colombia Micro Cube", "latitude_min": -1.0, "latitude_max": 2.5, "longitude_min": -77.2, "longitude_max": -73.7, "main_imagery": "/static/assets/images/black.png", "detail_imagery": "/static/assets/images/colombia_main.png", "detail_latitude_min": -1.0, "detail_latitude_max": 2.5, "detail_longitude_min": -77.2, "detail_longitude_max": -73.7, "satellites": [1]}}, {"model": "data_cube_ui.area", "pk": 5, "fields": {"area_id": "meta_river", "area_name": "Meta River", "latitude_min": 4.0, "latitude_max": 5.0, "longitude_min": -72.0, "longitude_max": -71.0, "main_imagery": "/static/assets/images/black.png", "detail_imagery": "/static/assets/images/-72,4-71,5.png", "detail_latitude_min": 4.0, "detail_latitude_max": 5.0, "detail_longitude_min": -72.0, "detail_longitude_max": -71.0, "satellites": [1]}}, {"model": "data_cube_ui.area", "pk": 6, "fields": {"area_id": "tonga", "area_name": "Tonga", "latitude_min": -23.0, "latitude_max": -20.0, "longitude_min": -177.375, "longitude_max": -174.375, "main_imagery": "/static/assets/images/black.png", "detail_imagery": "/static/assets/images/tonga_main.png", "detail_latitude_min": -23.0, "detail_latitude_max": -20.0, "detail_longitude_min": -177.375, "detail_longitude_max": -174.375, "satellites": [1]}}, {"model": "data_cube_ui.area", "pk": 7, "fields": {"area_id": "togo", "area_name": "Togo", "latitude_min": 4.25, "latitude_max": 7.25, "longitude_min": 0.0, "longitude_max": 3.0, "main_imagery": "/static/assets/images/black.png", "detail_imagery": "/static/assets/images/togo_main.png", "detail_latitude_min": 4.25, "detail_latitude_max": 7.25, "detail_longitude_min": 0.0, "detail_longitude_max": 3.0, "satellites": [1]}}, {"model": "data_cube_ui.area", "pk": 8, "fields": {"area_id": "amazon_river", "area_name": "Amazon River", "latitude_min": -4.5, "latitude_max": -2.0, "longitude_min": -71.5, "longitude_max": -69.0, "main_imagery": "/static/assets/images/black.png", "detail_imagery": "/static/assets/images/amazon_river_main.png", "detail_latitude_min": -4.5, "detail_latitude_max": -2.0, "detail_longitude_min": -71.5, "detail_longitude_max": -69.0, "satellites": [1]}}, {"model": "data_cube_ui.area", "pk": 9, "fields": {"area_id": "lake_chad_full", "area_name": "Full Lake Chad", "latitude_min": 12.125, "latitude_max": 13.975, "longitude_min": 13.65, "longitude_max": 15.5, "main_imagery": "/static/assets/images/black.png", "detail_imagery": "/static/assets/images/lake_chad_main.png", "detail_latitude_min": 12.125, "detail_latitude_max": 13.975, "detail_longitude_min": 13.65, "detail_longitude_max": 15.5, "satellites": [1, 2, 3, 4]}}, {"model": "data_cube_ui.area", "pk": 10, "fields": {"area_id": "salgar_colombia", "area_name": "Salgar, Colombia", "latitude_min": 5.9, "latitude_max": 6.0, "longitude_min": -75.925, "longitude_max": -75.825, "main_imagery": "/static/assets/images/black.png", "detail_imagery": "/static/assets/images/salgar_colombia_main.png", "detail_latitude_min": 5.9, "detail_latitude_max": 6.0, "detail_longitude_min": -75.925, "detail_longitude_max": -75.825, "satellites": [1]}}, {"model": "data_cube_ui.compositor", "pk": 1, "fields": {"compositor_id": "most_recent", "compositor_name": "Most Recent Pixel"}}, {"model": "data_cube_ui.compositor", "pk": 2, "fields": {"compositor_id": "least_recent", "compositor_name": "Least Recent Pixel"}}, {"model": "data_cube_ui.compositor", "pk": 3, "fields": {"compositor_id": "max_ndvi", "compositor_name": "Max NDVI Pixel"}}, {"model": "data_cube_ui.compositor", "pk": 4, "fields": {"compositor_id": "min_ndvi", "compositor_name": "Min NDVI Pixel"}}, {"model": "data_cube_ui.compositor", "pk": 5, "fields": {"compositor_id": "median_pixel", "compositor_name": "Median Pixel"}}, {"model": "data_cube_ui.baseline", "pk": 1, "fields": {"baseline_id": "average", "baseline_name": "Average"}}, {"model": "data_cube_ui.baseline", "pk": 2, "fields": {"baseline_id": "composite", "baseline_name": "Composite"}}, {"model": "data_cube_ui.animationtype", "pk": 1, "fields": {"type_id": "None", "app_name": "all", "type_name": "None", "data_variable": "None", "band_number": "None"}}, {"model": "data_cube_ui.animationtype", "pk": 2, "fields": {"type_id": "scene", "app_name": "all", "type_name": "Scene", "data_variable": "wofs_data", "band_number": "1"}}, {"model": "data_cube_ui.animationtype", "pk": 3, "fields": {"type_id": "cumulative_acquisitions", "app_name": "water_detection", "type_name": "Cumulative Acquisitions", "data_variable": "water_analysis", "band_number": "3"}}, {"model": "data_cube_ui.animationtype", "pk": 4, "fields": {"type_id": "cumulative_observations", "app_name": "water_detection", "type_name": "Cumulative Observations", "data_variable": "water_analysis", "band_number": "2"}}, {"model": "data_cube_ui.animationtype", "pk": 5, "fields": {"type_id": "cumulative_percentages", "app_name": "water_detection", "type_name": "Cumulative Percentages", "data_variable": "water_analysis", "band_number": "1"}}, {"model": "data_cube_ui.animationtype", "pk": 6, "fields": {"type_id": "cumulative", "app_name": "custom_mosaic_tool", "type_name": "Cumulative", "data_variable": "composite", "band_number": "composite"}}, {"model": "data_cube_ui.animationtype", "pk": 7, "fields": {"type_id": "cumulative_average", "app_name": "tsm", "type_name": "Cumulative Average", "data_variable": "water_analysis", "band_number": "1"}}, {"model": "data_cube_ui.application", "pk": 1, "fields": {"application_id": "custom_mosaic_tool", "application_name": "Custom Mosaic", "areas": [9, 8, 7, 6, 5, 4, 3, 2, 1], "satellites": [1, 2, 3]}}, {"model": "data_cube_ui.application", "pk": 2, "fields": {"application_id": "water_detection", "application_name": "Water Detection", "areas": [7, 6, 5, 2, 9, 1, 8], "satellites": [1, 2, 3, 4]}}, {"model": "data_cube_ui.application", "pk": 3, "fields": {"application_id": "tsm", "application_name": "Water Quality TSM", "areas": [9, 2, 1], "satellites": [1, 2, 3, 4]}}, {"model": "data_cube_ui.application", "pk": 4, "fields": {"application_id": "fractional_cover", "application_name": "Fractional Cover", "areas": [9, 8, 7, 6, 5, 4, 3], "satellites": [1, 2, 3]}}, {"model": "data_cube_ui.application", "pk": 5, "fields": {"application_id": "slip", "application_name": "Landslide SLIP", "areas": [10], "satellites": [1]}}, {"model": "data_cube_ui.application", "pk": 6, "fields": {"application_id": "ndvi_anomaly", "application_name": "NDVI Anomaly", "areas": [1, 2, 3, 4, 5, 9, 10], "satellites": [1, 2, 3]}}, {"model": "auth.user", "pk": 1, "fields": {"password": "pbkdf2_sha256$30000$3fO6Uoj3RkHQ$cSt4u0cPhw1UhbagTcW34/w2SdeN5zK/J4kUhpLAMSI=", "last_login": "2017-01-18T19:18:13.463Z", "is_superuser": true, "username": "localuser", "first_name": "", "last_name": "", "email": "", "is_staff": true, "is_active": true, "date_joined": "2017-01-16T17:07:17.281Z", "groups": [], "user_permissions": []}}, {"model": "sessions.session", "pk": "0d2g62p6p79h775kg16kx5t32ewf0ekn", "fields": {"session_data": "NDYwY2U1YTJhNDE1MjA2MTY3N2E3NjFkNzkxNzBhOTcyMjY3ZDY3ZTp7Il9hdXRoX3VzZXJfaWQiOiIxIiwiX2F1dGhfdXNlcl9oYXNoIjoiMGE4OGZlMDdiZWQxYjBlNjBkNjY4OGEzNmYxNzlmYjRmMzcyNTZjOCIsIl9hdXRoX3VzZXJfYmFja2VuZCI6ImRqYW5nby5jb250cmliLmF1dGguYmFja2VuZHMuTW9kZWxCYWNrZW5kIn0=", "expire_date": "2017-02-01T19:18:13.471Z"}}, {"model": "sessions.session", "pk": "2mv4npbb7syg6axxphpdo2sxybqi0yk4", "fields": {"session_data": "ZWM2ODg2MjQyZDU1MzcwZTllMjc3Y2JhNDY5MzJiOGExNzU0NzA2Mzp7Il9hdXRoX3VzZXJfaWQiOiIxIiwiX2F1dGhfdXNlcl9oYXNoIjoiOWQ4NWM4ODU2OTQ4MGJhMTdlNmFkODUxZDE2N2YwYmM5YzczNmIzNyIsIl9hdXRoX3VzZXJfYmFja2VuZCI6ImRqYW5nby5jb250cmliLmF1dGguYmFja2VuZHMuTW9kZWxCYWNrZW5kIn0=", "expire_date": "2017-01-05T17:17:32.126Z"}}, {"model": "sessions.session", "pk": "5oxn5x4w9fquukhd1t4pbg89p2t70l4g", "fields": {"session_data": "Nzg3YjU3ZjQxNGM1N2E3YzFjN2E3OWZiODhlMzZjMWRjOGI0ODdjZTp7Il9hdXRoX3VzZXJfaGFzaCI6IjBhODhmZTA3YmVkMWIwZTYwZDY2ODhhMzZmMTc5ZmI0ZjM3MjU2YzgiLCJfYXV0aF91c2VyX2lkIjoiMSIsIl9hdXRoX3VzZXJfYmFja2VuZCI6ImRqYW5nby5jb250cmliLmF1dGguYmFja2VuZHMuTW9kZWxCYWNrZW5kIn0=", "expire_date": "2017-01-30T18:25:23.900Z"}}, {"model": "sessions.session", "pk": "8ogna10ef1fzjpahasw9bjnit70l1go4", "fields": {"session_data": "OGRmYWYzYzMwZDRhYjdkNTY1OGFiY2ZmZGYxYzkxNTYwMmQ4Y2NiZjp7Il9hdXRoX3VzZXJfaGFzaCI6Ijg1MjM4OTA0Mzc0NTQ5MzIwZjlhZDg2MjJlYmE3NGU1MmVjZjQxYzkiLCJfYXV0aF91c2VyX2JhY2tlbmQiOiJkamFuZ28uY29udHJpYi5hdXRoLmJhY2tlbmRzLk1vZGVsQmFja2VuZCIsIl9hdXRoX3VzZXJfaWQiOiIyIn0=", "expire_date": "2017-01-28T22:30:49.751Z"}}, {"model": "sessions.session", "pk": "a95bqggogohrl7b8pbtlplrv8x3d8ycx", "fields": {"session_data": "OGRmYWYzYzMwZDRhYjdkNTY1OGFiY2ZmZGYxYzkxNTYwMmQ4Y2NiZjp7Il9hdXRoX3VzZXJfaGFzaCI6Ijg1MjM4OTA0Mzc0NTQ5MzIwZjlhZDg2MjJlYmE3NGU1MmVjZjQxYzkiLCJfYXV0aF91c2VyX2JhY2tlbmQiOiJkamFuZ28uY29udHJpYi5hdXRoLmJhY2tlbmRzLk1vZGVsQmFja2VuZCIsIl9hdXRoX3VzZXJfaWQiOiIyIn0=", "expire_date": "2017-01-17T21:40:42.317Z"}}, {"model": "sessions.session", "pk": "avizaffk1g3jaxijeu6q5jvcvjb2le4b", "fields": {"session_data": "MzBmZTcwNjU2ODQ0ZDM3MjgxNjAyZDA5NDA3Y2Y5Yjk4Mzg4YmM2ZTp7Il9hdXRoX3VzZXJfaGFzaCI6IjlkODVjODg1Njk0ODBiYTE3ZTZhZDg1MWQxNjdmMGJjOWM3MzZiMzciLCJfYXV0aF91c2VyX2JhY2tlbmQiOiJkamFuZ28uY29udHJpYi5hdXRoLmJhY2tlbmRzLk1vZGVsQmFja2VuZCIsIl9hdXRoX3VzZXJfaWQiOiIxIn0=", "expire_date": "2017-01-06T16:28:23.275Z"}}, {"model": "sessions.session", "pk": "c90vng9q0fxf9iqtwk86thdns5vxkixf", "fields": {"session_data": "Nzg3YjU3ZjQxNGM1N2E3YzFjN2E3OWZiODhlMzZjMWRjOGI0ODdjZTp7Il9hdXRoX3VzZXJfaGFzaCI6IjBhODhmZTA3YmVkMWIwZTYwZDY2ODhhMzZmMTc5ZmI0ZjM3MjU2YzgiLCJfYXV0aF91c2VyX2lkIjoiMSIsIl9hdXRoX3VzZXJfYmFja2VuZCI6ImRqYW5nby5jb250cmliLmF1dGguYmFja2VuZHMuTW9kZWxCYWNrZW5kIn0=", "expire_date": "2017-01-30T18:12:28.849Z"}}, {"model": "sessions.session", "pk": "hb06qc0pkc765aqt3wu4bf68abs4bagp", "fields": {"session_data": "NTc0Y2Q3OTMxYzE1Zjc1ZGI1ZWUzNmUwZDE4ZGNiYTU0YmJlMTU0Nzp7Il9hdXRoX3VzZXJfYmFja2VuZCI6ImRqYW5nby5jb250cmliLmF1dGguYmFja2VuZHMuTW9kZWxCYWNrZW5kIiwiX2F1dGhfdXNlcl9oYXNoIjoiODUyMzg5MDQzNzQ1NDkzMjBmOWFkODYyMmViYTc0ZTUyZWNmNDFjOSIsIl9hdXRoX3VzZXJfaWQiOiIyIn0=", "expire_date": "2017-01-25T18:40:31.180Z"}}, {"model": "sessions.session", "pk": "sq766ccv4mreeqyvezl7xopjlulxsdbf", "fields": {"session_data": "Nzg3YjU3ZjQxNGM1N2E3YzFjN2E3OWZiODhlMzZjMWRjOGI0ODdjZTp7Il9hdXRoX3VzZXJfaGFzaCI6IjBhODhmZTA3YmVkMWIwZTYwZDY2ODhhMzZmMTc5ZmI0ZjM3MjU2YzgiLCJfYXV0aF91c2VyX2lkIjoiMSIsIl9hdXRoX3VzZXJfYmFja2VuZCI6ImRqYW5nby5jb250cmliLmF1dGguYmFja2VuZHMuTW9kZWxCYWNrZW5kIn0=", "expire_date": "2017-01-30T17:07:23.209Z"}}, {"model": "sessions.session", "pk": "y0ttut27cx5si9hhp6ez77m2bts8ta98", "fields": {"session_data": "NDYwY2U1YTJhNDE1MjA2MTY3N2E3NjFkNzkxNzBhOTcyMjY3ZDY3ZTp7Il9hdXRoX3VzZXJfaWQiOiIxIiwiX2F1dGhfdXNlcl9oYXNoIjoiMGE4OGZlMDdiZWQxYjBlNjBkNjY4OGEzNmYxNzlmYjRmMzcyNTZjOCIsIl9hdXRoX3VzZXJfYmFja2VuZCI6ImRqYW5nby5jb250cmliLmF1dGguYmFja2VuZHMuTW9kZWxCYWNrZW5kIn0=", "expire_date": "2017-01-31T17:29:47.536Z"}}, {"model": "admin.logentry", "pk": 1, "fields": {"action_time": "2017-01-16T17:13:35.368Z", "user": 1, "content_type": null, "object_id": "6", "object_repr": "Application object", "action_flag": 2, "change_message": "[]"}}, {"model": "admin.logentry", "pk": 2, "fields": {"action_time": "2017-01-18T19:14:47.623Z", "user": 1, "content_type": null, "object_id": "4", "object_repr": "Application object", "action_flag": 2, "change_message": "[]"}}, {"model": "admin.logentry", "pk": 3, "fields": {"action_time": "2017-01-18T19:15:24.557Z", "user": 1, "content_type": null, "object_id": "4", "object_repr": "Application object", "action_flag": 2, "change_message": "[]"}}, {"model": "admin.logentry", "pk": 4, "fields": {"action_time": "2017-01-19T22:53:41.019Z", "user": 1, "content_type": 13, "object_id": "8", "object_repr": "Query object", "action_flag": 3, "change_message": ""}}, {"model": "admin.logentry", "pk": 5, "fields": {"action_time": "2017-01-19T22:53:47.966Z", "user": 1, "content_type": 15, "object_id": "8", "object_repr": "Result object", "action_flag": 3, "change_message": ""}}, {"model": "admin.logentry", "pk": 6, "fields": {"action_time": "2017-01-19T22:53:48.022Z", "user": 1, "content_type": 15, "object_id": "7", "object_repr": "Result object", "action_flag": 3, "change_message": ""}}, {"model": "admin.logentry", "pk": 7, "fields": {"action_time": "2017-01-20T21:20:56.690Z", "user": 1, "content_type": 45, "object_id": "5", "object_repr": "Application object", "action_flag": 2, "change_message": "[{\"changed\": {\"fields\": [\"application_name\"]}}]"}}, {"model": "admin.logentry", "pk": 8, "fields": {"action_time": "2017-01-20T21:21:03.495Z", "user": 1, "content_type": 45, "object_id": "6", "object_repr": "Application object", "action_flag": 2, "change_message": "[]"}}, {"model": "admin.logentry", "pk": 9, "fields": {"action_time": "2017-01-20T21:21:09.811Z", "user": 1, "content_type": 45, "object_id": "3", "object_repr": "Application object", "action_flag": 2, "change_message": "[{\"changed\": {\"fields\": [\"application_name\"]}}]"}}, {"model": "admin.logentry", "pk": 10, "fields": {"action_time": "2017-01-20T21:21:15.810Z", "user": 1, "content_type": 45, "object_id": "2", "object_repr": "Application object", "action_flag": 2, "change_message": "[]"}}]